pdb_id,status,num_models,num_chains,chains,num_ligands,ligands
1us0,processed,1,1,"[{'chain_id': 'A', 'length': 314, 'residue_range': '0-313'}]",4,"[{'ligand_id': ('H_NDP', 318, ' '), 'residue_name': 'NDP', 'chain_id': 'A', 'num_atoms': 48, 'center': [21.260684967041016, -6.126749515533447, 27.394729614257812]}, {'ligand_id': ('H_LDT', 320, ' '), 'residue_name': 'LDT', 'chain_id': 'A', 'num_atoms': 24, 'center': [16.467792510986328, -7.205707550048828, 15.075165748596191]}, {'ligand_id': ('H_CIT', 400, ' '), 'residue_name': 'CIT', 'chain_id': 'A', 'num_atoms': 13, 'center': [21.91761589050293, 10.951844215393066, 11.762152671813965]}, {'ligand_id': ('H_CIT', 450, ' '), 'residue_name': 'CIT', 'chain_id': 'A', 'num_atoms': 13, 'center': [4.403461456298828, -17.159770965576172, 22.43784523010254]}]"
4lbs,processed,1,1,"[{'chain_id': 'A', 'length': 316, 'residue_range': '0-315'}]",2,"[{'ligand_id': ('H_NAP', 401, ' '), 'residue_name': 'NAP', 'chain_id': 'A', 'num_atoms': 48, 'center': [2.451791524887085, -6.079249858856201, -3.801811933517456]}, {'ligand_id': ('H_4O8', 402, ' '), 'residue_name': '4O8', 'chain_id': 'A', 'num_atoms': 25, 'center': [7.0229997634887695, -6.907120227813721, 8.702279090881348]}]"
3bcj,processed,1,1,"[{'chain_id': 'A', 'length': 316, 'residue_range': '0-315'}]",3,"[{'ligand_id': ('H_NAP', 318, ' '), 'residue_name': 'NAP', 'chain_id': 'A', 'num_atoms': 48, 'center': [21.5358943939209, -5.84079122543335, 27.43537139892578]}, {'ligand_id': ('H_CIT', 319, ' '), 'residue_name': 'CIT', 'chain_id': 'A', 'num_atoms': 13, 'center': [16.582386016845703, -7.013768672943115, 16.75315284729004]}, {'ligand_id': ('H_FIS', 320, ' '), 'residue_name': 'FIS', 'chain_id': 'A', 'num_atoms': 20, 'center': [19.595800399780273, -14.954948425292969, 18.900501251220703]}]"
2qxw,processed,1,1,"[{'chain_id': 'A', 'length': 313, 'residue_range': '0-312'}]",4,"[{'ligand_id': ('H_NDP', 318, ' '), 'residue_name': 'NDP', 'chain_id': 'A', 'num_atoms': 48, 'center': [21.41658592224121, -6.1285834312438965, 27.46681022644043]}, {'ligand_id': ('H_LDT', 320, ' '), 'residue_name': 'LDT', 'chain_id': 'A', 'num_atoms': 24, 'center': [16.584001541137695, -7.19945764541626, 15.144790649414062]}, {'ligand_id': ('H_CIT', 400, ' '), 'residue_name': 'CIT', 'chain_id': 'A', 'num_atoms': 13, 'center': [21.950307846069336, 11.044922828674316, 11.883922576904297]}, {'ligand_id': ('H_CIT', 450, ' '), 'residue_name': 'CIT', 'chain_id': 'A', 'num_atoms': 13, 'center': [4.562230587005615, -17.261075973510742, 22.538536071777344]}]"
4lb3,processed,1,1,"[{'chain_id': 'A', 'length': 316, 'residue_range': '0-315'}]",2,"[{'ligand_id': ('H_NAP', 401, ' '), 'residue_name': 'NAP', 'chain_id': 'A', 'num_atoms': 48, 'center': [2.397270679473877, -6.079437732696533, -3.77679181098938]}, {'ligand_id': ('H_M15', 402, ' '), 'residue_name': 'M15', 'chain_id': 'A', 'num_atoms': 24, 'center': [6.901583194732666, -6.974625110626221, 8.674541473388672]}]"
4lb4,processed,1,1,"[{'chain_id': 'A', 'length': 316, 'residue_range': '0-315'}]",2,"[{'ligand_id': ('H_NAP', 401, ' '), 'residue_name': 'NAP', 'chain_id': 'A', 'num_atoms': 48, 'center': [2.415895700454712, -6.073562145233154, -3.771562337875366]}, {'ligand_id': ('H_1WX', 402, ' '), 'residue_name': '1WX', 'chain_id': 'A', 'num_atoms': 27, 'center': [7.080111503601074, -6.694036483764648, 9.036186218261719]}]"
4lbr,processed,1,1,"[{'chain_id': 'A', 'length': 316, 'residue_range': '0-315'}]",2,"[{'ligand_id': ('H_NAP', 401, ' '), 'residue_name': 'NAP', 'chain_id': 'A', 'num_atoms': 48, 'center': [2.4377291202545166, -6.085561275482178, -3.815999984741211]}, {'ligand_id': ('H_4O9', 402, ' '), 'residue_name': '4O9', 'chain_id': 'A', 'num_atoms': 25, 'center': [6.929159641265869, -6.930880069732666, 8.68340015411377]}]"
2i16,processed,1,1,"[{'chain_id': 'A', 'length': 313, 'residue_range': '1-314'}]",4,"[{'ligand_id': ('H_NDP', 319, ' '), 'residue_name': 'NDP', 'chain_id': 'A', 'num_atoms': 48, 'center': [21.277875900268555, -6.13270902633667, 27.425872802734375]}, {'ligand_id': ('H_LDT', 321, ' '), 'residue_name': 'LDT', 'chain_id': 'A', 'num_atoms': 24, 'center': [16.4776668548584, -7.220541477203369, 15.087333679199219]}, {'ligand_id': ('H_CIT', 401, ' '), 'residue_name': 'CIT', 'chain_id': 'A', 'num_atoms': 13, 'center': [21.92284393310547, 10.97038459777832, 11.788615226745605]}, {'ligand_id': ('H_CIT', 451, ' '), 'residue_name': 'CIT', 'chain_id': 'A', 'num_atoms': 13, 'center': [4.438307762145996, -17.172229766845703, 22.45022964477539]}]"
2i17,processed,1,1,"[{'chain_id': 'A', 'length': 313, 'residue_range': '1-314'}]",4,"[{'ligand_id': ('H_NDP', 319, ' '), 'residue_name': 'NDP', 'chain_id': 'A', 'num_atoms': 48, 'center': [21.290475845336914, -6.133979320526123, 27.432287216186523]}, {'ligand_id': ('H_LDT', 321, ' '), 'residue_name': 'LDT', 'chain_id': 'A', 'num_atoms': 24, 'center': [16.485666275024414, -7.220000743865967, 15.093791961669922]}, {'ligand_id': ('H_CIT', 401, ' '), 'residue_name': 'CIT', 'chain_id': 'A', 'num_atoms': 13, 'center': [21.925079345703125, 10.972307205200195, 11.791769981384277]}, {'ligand_id': ('H_CIT', 451, ' '), 'residue_name': 'CIT', 'chain_id': 'A', 'num_atoms': 13, 'center': [4.4437689781188965, -17.18192481994629, 22.457767486572266]}]"
6tgu,processed,1,1,"[{'chain_id': 'A', 'length': 327, 'residue_range': '7-333'}]",8,"[{'ligand_id': ('H_N92', 401, ' '), 'residue_name': 'N92', 'chain_id': 'A', 'num_atoms': 33, 'center': [2.3110907077789307, 48.043121337890625, 35.57615280151367]}, {'ligand_id': ('H_EDO', 402, ' '), 'residue_name': 'EDO', 'chain_id': 'A', 'num_atoms': 10, 'center': [17.171100616455078, 79.94670104980469, 38.30400085449219]}, {'ligand_id': ('H_EDO', 403, ' '), 'residue_name': 'EDO', 'chain_id': 'A', 'num_atoms': 10, 'center': [11.811201095581055, 55.8900032043457, 45.19860076904297]}, {'ligand_id': ('H_EDO', 404, ' '), 'residue_name': 'EDO', 'chain_id': 'A', 'num_atoms': 10, 'center': [-17.250699996948242, 34.64440155029297, 37.86590576171875]}, {'ligand_id': ('H_EDO', 405, ' '), 'residue_name': 'EDO', 'chain_id': 'A', 'num_atoms': 10, 'center': [-1.1822000741958618, 80.31739807128906, 39.03020095825195]}, {'ligand_id': ('H_EDO', 406, ' '), 'residue_name': 'EDO', 'chain_id': 'A', 'num_atoms': 10, 'center': [8.821599960327148, 53.54960250854492, 51.5609016418457]}, {'ligand_id': ('H_EDO', 407, ' '), 'residue_name': 'EDO', 'chain_id': 'A', 'num_atoms': 10, 'center': [-10.430899620056152, 54.718902587890625, 34.27280044555664]}, {'ligand_id': ('H_EDO', 408, ' '), 'residue_name': 'EDO', 'chain_id': 'A', 'num_atoms': 10, 'center': [5.392000198364258, 59.72430419921875, 62.36899948120117]}]"
2hs1,processed,1,2,"[{'chain_id': 'A', 'length': 99, 'residue_range': '1-99'}, {'chain_id': 'B', 'length': 99, 'residue_range': '101-199'}]",6,"[{'ligand_id': ('H_CL', 901, ' '), 'residue_name': 'CL', 'chain_id': 'A', 'num_atoms': 1, 'center': [-11.809000015258789, -6.809000015258789, 43.18000030517578]}, {'ligand_id': ('H_CL', 902, ' '), 'residue_name': 'CL', 'chain_id': 'A', 'num_atoms': 1, 'center': [-14.361000061035156, -6.043000221252441, 30.35099983215332]}, {'ligand_id': ('H_CL', 903, ' '), 'residue_name': 'CL', 'chain_id': 'A', 'num_atoms': 1, 'center': [-10.163999557495117, 12.005999565124512, 62.654998779296875]}, {'ligand_id': ('H_017', 201, ' '), 'residue_name': '017', 'chain_id': 'A', 'num_atoms': 38, 'center': [2.410421371459961, 8.117104530334473, 37.74552917480469]}, {'ligand_id': ('H_017', 203, ' '), 'residue_name': '017', 'chain_id': 'B', 'num_atoms': 38, 'center': [7.1990251541137695, 22.518945693969727, 23.46650505065918]}, {'ligand_id': ('H_DMS', 204, ' '), 'residue_name': 'DMS', 'chain_id': 'B', 'num_atoms': 4, 'center': [3.874000072479248, 21.39375114440918, 21.144248962402344]}]"
7g0z,processed,1,1,"[{'chain_id': 'A', 'length': 134, 'residue_range': '-2-131'}]",1,"[{'ligand_id': ('H_WMB', 201, ' '), 'residue_name': 'WMB', 'chain_id': 'A', 'num_atoms': 49, 'center': [15.496813774108887, -5.014857292175293, -22.156957626342773]}]"
4lau,processed,1,1,"[{'chain_id': 'A', 'length': 316, 'residue_range': '0-315'}]",2,"[{'ligand_id': ('H_NAP', 401, ' '), 'residue_name': 'NAP', 'chain_id': 'A', 'num_atoms': 48, 'center': [2.425666570663452, -6.098435878753662, -3.7778542041778564]}, {'ligand_id': ('H_W8X', 402, ' '), 'residue_name': 'W8X', 'chain_id': 'A', 'num_atoms': 23, 'center': [7.070956707000732, -7.135348320007324, 8.58799934387207]}]"
2f01,processed,1,2,"[{'chain_id': 'A', 'length': 121, 'residue_range': '14-134'}, {'chain_id': 'B', 'length': 120, 'residue_range': '16-135'}]",7,"[{'ligand_id': ('H_BTN', 5100, ' '), 'residue_name': 'BTN', 'chain_id': 'A', 'num_atoms': 16, 'center': [29.633811950683594, 14.8331880569458, 12.39212417602539]}, {'ligand_id': ('H_BTQ', 5101, ' '), 'residue_name': 'BTQ', 'chain_id': 'A', 'num_atoms': 16, 'center': [29.682249069213867, 14.87287425994873, 12.335373878479004]}, {'ligand_id': ('H_GOL', 3002, ' '), 'residue_name': 'GOL', 'chain_id': 'A', 'num_atoms': 6, 'center': [11.960000038146973, 19.749666213989258, 23.03400230407715]}, {'ligand_id': ('H_GOL', 3003, ' '), 'residue_name': 'GOL', 'chain_id': 'A', 'num_atoms': 6, 'center': [37.42316818237305, 11.72116756439209, 11.71816635131836]}, {'ligand_id': ('H_BTN', 5200, ' '), 'residue_name': 'BTN', 'chain_id': 'B', 'num_atoms': 16, 'center': [9.844562530517578, 27.95512580871582, 4.151437759399414]}, {'ligand_id': ('H_BTQ', 5201, ' '), 'residue_name': 'BTQ', 'chain_id': 'B', 'num_atoms': 16, 'center': [9.850874900817871, 27.915250778198242, 4.077687740325928]}, {'ligand_id': ('H_GOL', 3001, ' '), 'residue_name': 'GOL', 'chain_id': 'B', 'num_atoms': 6, 'center': [-3.7961666584014893, 33.73550033569336, 12.516666412353516]}]"
2pf8,processed,1,1,"[{'chain_id': 'A', 'length': 316, 'residue_range': '0-315'}]",6,"[{'ligand_id': ('H_CL', 2000, ' '), 'residue_name': 'CL', 'chain_id': 'A', 'num_atoms': 1, 'center': [8.366000175476074, -6.921000003814697, 18.04400062561035]}, {'ligand_id': ('H_NDP', 318, ' '), 'residue_name': 'NDP', 'chain_id': 'A', 'num_atoms': 48, 'center': [21.37633514404297, -6.141956806182861, 27.4499568939209]}, {'ligand_id': ('H_LDT', 320, ' '), 'residue_name': 'LDT', 'chain_id': 'A', 'num_atoms': 24, 'center': [16.535585403442383, -7.233916759490967, 15.133042335510254]}, {'ligand_id': ('H_FID', 321, ' '), 'residue_name': 'FID', 'chain_id': 'A', 'num_atoms': 20, 'center': [16.787899017333984, -7.709000587463379, 16.78910255432129]}, {'ligand_id': ('H_CIT', 400, ' '), 'residue_name': 'CIT', 'chain_id': 'A', 'num_atoms': 13, 'center': [21.99192237854004, 11.00438404083252, 11.823461532592773]}, {'ligand_id': ('H_CIT', 450, ' '), 'residue_name': 'CIT', 'chain_id': 'A', 'num_atoms': 13, 'center': [4.485307693481445, -17.19230842590332, 22.51007843017578]}]"
2pfh,processed,1,1,"[{'chain_id': 'A', 'length': 314, 'residue_range': '0-313'}]",6,"[{'ligand_id': ('H_CL', 2000, ' '), 'residue_name': 'CL', 'chain_id': 'A', 'num_atoms': 1, 'center': [-6.205999851226807, 6.646999835968018, 8.664999961853027]}, {'ligand_id': ('H_NDP', 318, ' '), 'residue_name': 'NDP', 'chain_id': 'A', 'num_atoms': 48, 'center': [3.095228910446167, 5.899604320526123, 21.44756317138672]}, {'ligand_id': ('H_LDT', 320, ' '), 'residue_name': 'LDT', 'chain_id': 'A', 'num_atoms': 24, 'center': [-9.55979061126709, 6.99804162979126, 16.37150001525879]}, {'ligand_id': ('H_FID', 321, ' '), 'residue_name': 'FID', 'chain_id': 'A', 'num_atoms': 20, 'center': [-7.859250545501709, 7.500000953674316, 16.634151458740234]}, {'ligand_id': ('H_CIT', 400, ' '), 'residue_name': 'CIT', 'chain_id': 'A', 'num_atoms': 13, 'center': [-13.246999740600586, -11.157075881958008, 21.576154708862305]}, {'ligand_id': ('H_CIT', 450, ' '), 'residue_name': 'CIT', 'chain_id': 'A', 'num_atoms': 13, 'center': [-1.4356924295425415, 16.88469123840332, 5.07792329788208]}]"
4laz,processed,1,1,"[{'chain_id': 'A', 'length': 316, 'residue_range': '0-315'}]",2,"[{'ligand_id': ('H_NAP', 401, ' '), 'residue_name': 'NAP', 'chain_id': 'A', 'num_atoms': 48, 'center': [2.4146459102630615, -6.105375289916992, -3.779561996459961]}, {'ligand_id': ('H_1WW', 402, ' '), 'residue_name': '1WW', 'chain_id': 'A', 'num_atoms': 23, 'center': [6.96899938583374, -7.160261154174805, 8.576652526855469]}]"
5mnn,processed,1,1,"[{'chain_id': 'A', 'length': 223, 'residue_range': '16-245'}]",6,"[{'ligand_id': ('H_CA', 301, ' '), 'residue_name': 'CA', 'chain_id': 'A', 'num_atoms': 1, 'center': [-10.128000259399414, -24.67099952697754, 3.1559998989105225]}, {'ligand_id': ('H_MRZ', 302, ' '), 'residue_name': 'MRZ', 'chain_id': 'A', 'num_atoms': 9, 'center': [-1.7436665296554565, -14.57266616821289, -16.680667877197266]}, {'ligand_id': ('H_SO4', 303, ' '), 'residue_name': 'SO4', 'chain_id': 'A', 'num_atoms': 5, 'center': [16.836597442626953, -21.684600830078125, 9.602399826049805]}, {'ligand_id': ('H_SO4', 304, ' '), 'residue_name': 'SO4', 'chain_id': 'A', 'num_atoms': 5, 'center': [12.067599296569824, -12.101999282836914, -30.8273983001709]}, {'ligand_id': ('H_SO4', 305, ' '), 'residue_name': 'SO4', 'chain_id': 'A', 'num_atoms': 5, 'center': [-1.391200065612793, -11.572399139404297, -10.52340030670166]}, {'ligand_id': ('H_SO4', 306, ' '), 'residue_name': 'SO4', 'chain_id': 'A', 'num_atoms': 5, 'center': [11.670599937438965, -35.6504020690918, -16.163999557495117]}]"
4qxi,processed,1,1,"[{'chain_id': 'A', 'length': 314, 'residue_range': '0-313'}]",2,"[{'ligand_id': ('H_NAP', 401, ' '), 'residue_name': 'NAP', 'chain_id': 'A', 'num_atoms': 48, 'center': [48.01679611206055, -8.135624885559082, 90.6851806640625]}, {'ligand_id': ('H_I98', 402, ' '), 'residue_name': 'I98', 'chain_id': 'A', 'num_atoms': 24, 'center': [52.68545913696289, -8.967832565307617, 103.35491180419922]}]"
2pev,processed,1,1,"[{'chain_id': 'A', 'length': 316, 'residue_range': '0-315'}]",5,"[{'ligand_id': ('H_CL', 2000, ' '), 'residue_name': 'CL', 'chain_id': 'A', 'num_atoms': 1, 'center': [8.267000198364258, -6.886000156402588, 17.95400047302246]}, {'ligand_id': ('H_NDP', 318, ' '), 'residue_name': 'NDP', 'chain_id': 'A', 'num_atoms': 48, 'center': [21.286102294921875, -6.1633124351501465, 27.370630264282227]}, {'ligand_id': ('H_LDT', 320, ' '), 'residue_name': 'LDT', 'chain_id': 'A', 'num_atoms': 24, 'center': [16.47341537475586, -7.2642083168029785, 15.02520751953125]}, {'ligand_id': ('H_FID', 321, ' '), 'residue_name': 'FID', 'chain_id': 'A', 'num_atoms': 20, 'center': [16.738399505615234, -7.7449493408203125, 16.692598342895508]}, {'ligand_id': ('H_CIT', 450, ' '), 'residue_name': 'CIT', 'chain_id': 'A', 'num_atoms': 13, 'center': [4.370538234710693, -17.141538619995117, 22.381690979003906]}]"
7wdj,processed,1,1,"[{'chain_id': 'A', 'length': 132, 'residue_range': '0-131'}]",3,"[{'ligand_id': ('H_EIC', 201, ' '), 'residue_name': 'EIC', 'chain_id': 'A', 'num_atoms': 20, 'center': [-7.182650089263916, -20.901798248291016, -14.674150466918945]}, {'ligand_id': ('H_P6G', 202, ' '), 'residue_name': 'P6G', 'chain_id': 'A', 'num_atoms': 10, 'center': [3.2621002197265625, -18.003000259399414, -23.22909927368164]}, {'ligand_id': ('H_P6G', 203, ' '), 'residue_name': 'P6G', 'chain_id': 'A', 'num_atoms': 10, 'center': [-25.473400115966797, -2.317499876022339, -5.12939977645874]}]"
1pwm,processed,1,1,"[{'chain_id': 'A', 'length': 316, 'residue_range': '0-315'}]",3,"[{'ligand_id': ('H_CL', 1321, ' '), 'residue_name': 'CL', 'chain_id': 'A', 'num_atoms': 1, 'center': [8.387999534606934, -6.835999965667725, 17.976999282836914]}, {'ligand_id': ('H_NAP', 1318, ' '), 'residue_name': 'NAP', 'chain_id': 'A', 'num_atoms': 48, 'center': [21.45094108581543, -6.1462082862854, 27.408811569213867]}, {'ligand_id': ('H_FID', 1320, ' '), 'residue_name': 'FID', 'chain_id': 'A', 'num_atoms': 20, 'center': [16.873849868774414, -7.759849548339844, 16.71380043029785]}]"
6te2,processed,1,1,"[{'chain_id': 'A', 'length': 327, 'residue_range': '7-333'}]",1,"[{'ligand_id': ('H_N4N', 401, ' '), 'residue_name': 'N4N', 'chain_id': 'A', 'num_atoms': 31, 'center': [3.9264516830444336, 50.105430603027344, 31.802352905273438]}]"
7mbo,processed,1,1,"[{'chain_id': 'A', 'length': 237, 'residue_range': '16-244'}]",2,"[{'ligand_id': ('H_NAG', 301, ' '), 'residue_name': 'NAG', 'chain_id': 'A', 'num_atoms': 27, 'center': [-18.464811325073242, -2.7332592010498047, 8.492926597595215]}, {'ligand_id': ('H_YXG', 302, ' '), 'residue_name': 'YXG', 'chain_id': 'A', 'num_atoms': 66, 'center': [-1.0585002899169922, 9.923789024353027, -17.797714233398438]}]"
3fx5,processed,1,2,"[{'chain_id': 'A', 'length': 99, 'residue_range': '1-99'}, {'chain_id': 'B', 'length': 99, 'residue_range': '101-199'}]",4,"[{'ligand_id': ('H_GOL', 901, ' '), 'residue_name': 'GOL', 'chain_id': 'A', 'num_atoms': 6, 'center': [29.26683235168457, 27.581499099731445, 14.715666770935059]}, {'ligand_id': ('H_KNI', 900, ' '), 'residue_name': 'KNI', 'chain_id': 'B', 'num_atoms': 86, 'center': [14.534162521362305, 21.45673370361328, 15.878630638122559]}, {'ligand_id': ('H_GOL', 902, ' '), 'residue_name': 'GOL', 'chain_id': 'B', 'num_atoms': 6, 'center': [14.17699909210205, 28.541166305541992, 40.18583297729492]}, {'ligand_id': ('H_GOL', 903, ' '), 'residue_name': 'GOL', 'chain_id': 'B', 'num_atoms': 6, 'center': [19.178667068481445, 6.908666133880615, 25.76533317565918]}]"
3m4h,processed,1,1,"[{'chain_id': 'A', 'length': 316, 'residue_range': '0-315'}]",4,"[{'ligand_id': ('H_NAP', 500, ' '), 'residue_name': 'NAP', 'chain_id': 'A', 'num_atoms': 48, 'center': [21.382293701171875, -6.412042140960693, 27.442873001098633]}, {'ligand_id': ('H_388', 600, ' '), 'residue_name': '388', 'chain_id': 'A', 'num_atoms': 24, 'center': [16.648374557495117, -7.2640838623046875, 14.894583702087402]}, {'ligand_id': ('H_CIT', 700, ' '), 'residue_name': 'CIT', 'chain_id': 'A', 'num_atoms': 13, 'center': [4.5482306480407715, -17.49146270751953, 22.48023223876953]}, {'ligand_id': ('H_BR', 800, ' '), 'residue_name': 'BR', 'chain_id': 'A', 'num_atoms': 1, 'center': [15.376999855041504, -3.568000078201294, 9.581000328063965]}]"
4qb3,processed,1,1,"[{'chain_id': 'A', 'length': 127, 'residue_range': '42-168'}]",2,"[{'ligand_id': ('H_30M', 201, ' '), 'residue_name': '30M', 'chain_id': 'A', 'num_atoms': 22, 'center': [24.959043502807617, 50.057456970214844, -3.171090841293335]}, {'ligand_id': ('H_EDO', 202, ' '), 'residue_name': 'EDO', 'chain_id': 'A', 'num_atoms': 4, 'center': [13.096250534057617, 46.53900146484375, 6.826000213623047]}]"
6sbl,processed,1,1,"[{'chain_id': 'A', 'length': 257, 'residue_range': '4-261'}]",8,"[{'ligand_id': ('H_DMS', 301, ' '), 'residue_name': 'DMS', 'chain_id': 'A', 'num_atoms': 4, 'center': [1.6692500114440918, -11.604000091552734, 15.204000473022461]}, {'ligand_id': ('H_NA', 302, ' '), 'residue_name': 'NA', 'chain_id': 'A', 'num_atoms': 1, 'center': [-10.475000381469727, -5.7769999504089355, 38.39899826049805]}, {'ligand_id': ('H_NA', 303, ' '), 'residue_name': 'NA', 'chain_id': 'A', 'num_atoms': 1, 'center': [-17.816999435424805, 19.427000045776367, 6.265999794006348]}, {'ligand_id': ('H_ZN', 304, ' '), 'residue_name': 'ZN', 'chain_id': 'A', 'num_atoms': 1, 'center': [-6.811999797821045, -1.5839999914169312, 15.342000007629395]}, {'ligand_id': ('H_BE7', 305, ' '), 'residue_name': 'BE7', 'chain_id': 'A', 'num_atoms': 10, 'center': [0.2834000289440155, 12.810900688171387, 25.6156005859375]}, {'ligand_id': ('H_L4Q', 306, ' '), 'residue_name': 'L4Q', 'chain_id': 'A', 'num_atoms': 16, 'center': [-4.058125019073486, 4.496187210083008, 15.16825008392334]}, {'ligand_id': ('H_FLC', 307, ' '), 'residue_name': 'FLC', 'chain_id': 'A', 'num_atoms': 13, 'center': [-14.629230499267578, 0.8510769605636597, 44.96661376953125]}, {'ligand_id': ('H_HG', 308, ' '), 'residue_name': 'HG', 'chain_id': 'A', 'num_atoms': 1, 'center': [-2.002000093460083, 10.42199993133545, 24.351999282836914]}]"
6y1p,processed,1,1,"[{'chain_id': 'A', 'length': 316, 'residue_range': '0-315'}]",4,"[{'ligand_id': ('H_4G7', 401, ' '), 'residue_name': '4G7', 'chain_id': 'A', 'num_atoms': 25, 'center': [33.59400177001953, 4.373120307922363, 115.33728790283203]}, {'ligand_id': ('H_4G7', 402, ' '), 'residue_name': '4G7', 'chain_id': 'A', 'num_atoms': 16, 'center': [30.496749877929688, 6.270749568939209, 124.16300201416016]}, {'ligand_id': ('H_CIT', 403, ' '), 'residue_name': 'CIT', 'chain_id': 'A', 'num_atoms': 13, 'center': [41.91538619995117, 14.656692504882812, 103.82746887207031]}, {'ligand_id': ('H_NAP', 404, ' '), 'residue_name': 'NAP', 'chain_id': 'A', 'num_atoms': 76, 'center': [46.17657470703125, 3.5286195278167725, 120.6175765991211]}]"
8cnp,processed,1,1,"[{'chain_id': 'A', 'length': 316, 'residue_range': '0-315'}]",3,"[{'ligand_id': ('H_NAP', 401, ' '), 'residue_name': 'NAP', 'chain_id': 'A', 'num_atoms': 76, 'center': [46.64332962036133, 6.731013298034668, 120.52581787109375]}, {'ligand_id': ('H_4G7', 402, ' '), 'residue_name': '4G7', 'chain_id': 'A', 'num_atoms': 25, 'center': [33.953800201416016, 7.229320049285889, 115.38648223876953]}, {'ligand_id': ('H_CIT', 403, ' '), 'residue_name': 'CIT', 'chain_id': 'A', 'num_atoms': 13, 'center': [42.262454986572266, 17.800769805908203, 103.93815612792969]}]"
6rh4,processed,1,1,"[{'chain_id': 'A', 'length': 257, 'residue_range': '4-261'}]",8,"[{'ligand_id': ('H_ZN', 301, ' '), 'residue_name': 'ZN', 'chain_id': 'A', 'num_atoms': 1, 'center': [-3.9670000076293945, -1.378999948501587, 85.2959976196289]}, {'ligand_id': ('H_HG', 302, ' '), 'residue_name': 'HG', 'chain_id': 'A', 'num_atoms': 1, 'center': [0.6629999876022339, 10.88599967956543, 93.33699798583984]}, {'ligand_id': ('H_BE7', 303, ' '), 'residue_name': 'BE7', 'chain_id': 'A', 'num_atoms': 10, 'center': [2.1430001258850098, 12.413101196289062, 98.24369812011719]}, {'ligand_id': ('H_BGC', 304, ' '), 'residue_name': 'BGC', 'chain_id': 'A', 'num_atoms': 12, 'center': [-9.471750259399414, 0.8496666550636292, 114.19207763671875]}, {'ligand_id': ('H_BGC', 305, ' '), 'residue_name': 'BGC', 'chain_id': 'A', 'num_atoms': 12, 'center': [-24.208335876464844, 5.933332920074463, 75.35749816894531]}, {'ligand_id': ('H_GLC', 306, ' '), 'residue_name': 'GLC', 'chain_id': 'A', 'num_atoms': 12, 'center': [-17.680084228515625, 0.13108330965042114, 67.35750579833984]}, {'ligand_id': ('H_4NZ', 307, ' '), 'residue_name': '4NZ', 'chain_id': 'A', 'num_atoms': 13, 'center': [15.263077735900879, -1.424923062324524, 82.18708038330078]}, {'ligand_id': ('H_4NZ', 308, ' '), 'residue_name': '4NZ', 'chain_id': 'A', 'num_atoms': 13, 'center': [-2.04746150970459, 3.3370771408081055, 85.36215209960938]}]"
1z8a,processed,1,1,"[{'chain_id': 'A', 'length': 315, 'residue_range': '1-315'}]",2,"[{'ligand_id': ('H_NAP', 500, ' '), 'residue_name': 'NAP', 'chain_id': 'A', 'num_atoms': 48, 'center': [21.50770378112793, -6.207771301269531, 27.50244140625]}, {'ligand_id': ('H_62P', 600, ' '), 'residue_name': '62P', 'chain_id': 'A', 'num_atoms': 21, 'center': [16.726669311523438, -5.982428550720215, 14.191000938415527]}]"
3lz5,processed,1,1,"[{'chain_id': 'A', 'length': 313, 'residue_range': '0-312'}]",3,"[{'ligand_id': ('H_NAP', 500, ' '), 'residue_name': 'NAP', 'chain_id': 'A', 'num_atoms': 48, 'center': [21.32474708557129, -6.110313415527344, 27.46964454650879]}, {'ligand_id': ('H_LDT', 600, ' '), 'residue_name': 'LDT', 'chain_id': 'A', 'num_atoms': 24, 'center': [16.50429344177246, -7.0860419273376465, 15.024707794189453]}, {'ligand_id': ('H_CIT', 700, ' '), 'residue_name': 'CIT', 'chain_id': 'A', 'num_atoms': 13, 'center': [4.518769264221191, -17.179386138916016, 22.447614669799805]}]"
3ry2,processed,1,2,"[{'chain_id': 'A', 'length': 121, 'residue_range': '14-134'}, {'chain_id': 'B', 'length': 122, 'residue_range': '15-136'}]",5,"[{'ligand_id': ('H_BTN', 5001, ' '), 'residue_name': 'BTN', 'chain_id': 'A', 'num_atoms': 16, 'center': [29.67731475830078, 14.872000694274902, 12.345376014709473]}, {'ligand_id': ('H_GOL', 4003, ' '), 'residue_name': 'GOL', 'chain_id': 'A', 'num_atoms': 6, 'center': [39.32416534423828, 24.17449951171875, 1.6420000791549683]}, {'ligand_id': ('H_BTN', 5001, ' '), 'residue_name': 'BTN', 'chain_id': 'B', 'num_atoms': 16, 'center': [9.828999519348145, 28.027311325073242, 4.129437446594238]}, {'ligand_id': ('H_GOL', 4001, ' '), 'residue_name': 'GOL', 'chain_id': 'B', 'num_atoms': 6, 'center': [-3.9619998931884766, 33.96133804321289, 12.447334289550781]}, {'ligand_id': ('H_GOL', 4002, ' '), 'residue_name': 'GOL', 'chain_id': 'B', 'num_atoms': 6, 'center': [12.348166465759277, 36.45716857910156, 24.094833374023438]}]"
6fo5,processed,1,1,"[{'chain_id': 'A', 'length': 127, 'residue_range': '42-168'}]",2,"[{'ligand_id': ('H_DZH', 201, ' '), 'residue_name': 'DZH', 'chain_id': 'A', 'num_atoms': 37, 'center': [55.163734436035156, 0.8233243227005005, 4.674027442932129]}, {'ligand_id': ('H_EDO', 202, ' '), 'residue_name': 'EDO', 'chain_id': 'A', 'num_atoms': 4, 'center': [59.114501953125, 6.4704999923706055, 29.869998931884766]}]"
6sbh,processed,1,1,"[{'chain_id': 'A', 'length': 257, 'residue_range': '4-261'}]",7,"[{'ligand_id': ('H_ZN', 301, ' '), 'residue_name': 'ZN', 'chain_id': 'A', 'num_atoms': 1, 'center': [-27.878000259399414, -1.3760000467300415, 15.397000312805176]}, {'ligand_id': ('H_HG', 302, ' '), 'residue_name': 'HG', 'chain_id': 'A', 'num_atoms': 1, 'center': [-23.250999450683594, 10.802000045776367, 23.336000442504883]}, {'ligand_id': ('H_BE7', 303, ' '), 'residue_name': 'BE7', 'chain_id': 'A', 'num_atoms': 10, 'center': [-21.749099731445312, 12.373700141906738, 28.27520179748535]}, {'ligand_id': ('H_L4K', 304, ' '), 'residue_name': 'L4K', 'chain_id': 'A', 'num_atoms': 15, 'center': [-25.48906707763672, 4.236599445343018, 15.242998123168945]}, {'ligand_id': ('H_BGC', 305, ' '), 'residue_name': 'BGC', 'chain_id': 'A', 'num_atoms': 12, 'center': [-48.22116470336914, 6.010499954223633, 5.620833873748779]}, {'ligand_id': ('H_BGC', 306, ' '), 'residue_name': 'BGC', 'chain_id': 'A', 'num_atoms': 12, 'center': [-33.247169494628906, 0.8220000267028809, 44.2956657409668]}, {'ligand_id': ('H_GLC', 307, ' '), 'residue_name': 'GLC', 'chain_id': 'A', 'num_atoms': 12, 'center': [-41.579833984375, 0.1956666260957718, -2.526083469390869]}]"
6sbm,processed,1,1,"[{'chain_id': 'A', 'length': 257, 'residue_range': '4-261'}]",8,"[{'ligand_id': ('H_ZN', 301, ' '), 'residue_name': 'ZN', 'chain_id': 'A', 'num_atoms': 1, 'center': [-6.795000076293945, -1.593000054359436, 15.329000473022461]}, {'ligand_id': ('H_DMS', 302, ' '), 'residue_name': 'DMS', 'chain_id': 'A', 'num_atoms': 4, 'center': [1.6872498989105225, -11.624750137329102, 15.190999984741211]}, {'ligand_id': ('H_NA', 303, ' '), 'residue_name': 'NA', 'chain_id': 'A', 'num_atoms': 1, 'center': [-10.378000259399414, -5.748000144958496, 38.393001556396484]}, {'ligand_id': ('H_NA', 304, ' '), 'residue_name': 'NA', 'chain_id': 'A', 'num_atoms': 1, 'center': [-17.78700065612793, 19.427000045776367, 6.281000137329102]}, {'ligand_id': ('H_L4W', 305, ' '), 'residue_name': 'L4W', 'chain_id': 'A', 'num_atoms': 12, 'center': [12.254165649414062, -1.2924166917800903, 12.122082710266113]}, {'ligand_id': ('H_L4W', 306, ' '), 'residue_name': 'L4W', 'chain_id': 'A', 'num_atoms': 16, 'center': [-4.211125373840332, 4.1698126792907715, 15.101062774658203]}, {'ligand_id': ('H_BE7', 307, ' '), 'residue_name': 'BE7', 'chain_id': 'A', 'num_atoms': 10, 'center': [0.2600000500679016, 12.81410026550293, 25.514598846435547]}, {'ligand_id': ('H_FLC', 308, ' '), 'residue_name': 'FLC', 'chain_id': 'A', 'num_atoms': 13, 'center': [-14.544615745544434, 0.866615355014801, 44.91361618041992]}]"
6txp,processed,1,1,"[{'chain_id': 'A', 'length': 316, 'residue_range': '0-315'}]",4,"[{'ligand_id': ('H_CIT', 401, ' '), 'residue_name': 'CIT', 'chain_id': 'A', 'num_atoms': 13, 'center': [-44.90153503417969, 15.760538101196289, -29.91745948791504]}, {'ligand_id': ('H_4G7', 402, ' '), 'residue_name': '4G7', 'chain_id': 'A', 'num_atoms': 25, 'center': [-36.61539840698242, 5.475839614868164, -41.408042907714844]}, {'ligand_id': ('H_2WR', 403, ' '), 'residue_name': '2WR', 'chain_id': 'A', 'num_atoms': 15, 'center': [-33.494667053222656, 7.599666118621826, -50.11626434326172]}, {'ligand_id': ('H_NAP', 404, ' '), 'residue_name': 'NAP', 'chain_id': 'A', 'num_atoms': 76, 'center': [-49.18586730957031, 4.671975135803223, -46.68326187133789]}]"
8b66,processed,1,1,"[{'chain_id': 'A', 'length': 318, 'residue_range': '-2-315'}]",3,"[{'ligand_id': ('H_NAP', 401, ' '), 'residue_name': 'NAP', 'chain_id': 'A', 'num_atoms': 76, 'center': [47.013816833496094, 6.7499470710754395, 120.743896484375]}, {'ligand_id': ('H_CIT', 402, ' '), 'residue_name': 'CIT', 'chain_id': 'A', 'num_atoms': 13, 'center': [42.61431121826172, 17.84115219116211, 104.07139587402344]}, {'ligand_id': ('H_4G7', 403, ' '), 'residue_name': '4G7', 'chain_id': 'A', 'num_atoms': 22, 'center': [35.18218231201172, 10.05095386505127, 116.6047592163086]}]"
6rkn,processed,1,1,"[{'chain_id': 'A', 'length': 257, 'residue_range': '4-261'}]",8,"[{'ligand_id': ('H_ZN', 301, ' '), 'residue_name': 'ZN', 'chain_id': 'A', 'num_atoms': 1, 'center': [14.39900016784668, -1.4240000247955322, 15.378999710083008]}, {'ligand_id': ('H_HG', 302, ' '), 'residue_name': 'HG', 'chain_id': 'A', 'num_atoms': 1, 'center': [19.035999298095703, 10.784000396728516, 23.339000701904297]}, {'ligand_id': ('H_BE7', 303, ' '), 'residue_name': 'BE7', 'chain_id': 'A', 'num_atoms': 10, 'center': [20.555999755859375, 12.360899925231934, 28.262903213500977]}, {'ligand_id': ('H_FBS', 304, ' '), 'residue_name': 'FBS', 'chain_id': 'A', 'num_atoms': 11, 'center': [15.843364715576172, 2.835545539855957, 15.84436321258545]}, {'ligand_id': ('H_FBS', 305, ' '), 'residue_name': 'FBS', 'chain_id': 'A', 'num_atoms': 11, 'center': [33.34709167480469, -1.2577273845672607, 12.667725563049316]}, {'ligand_id': ('H_BGC', 306, ' '), 'residue_name': 'BGC', 'chain_id': 'A', 'num_atoms': 12, 'center': [9.014999389648438, 0.7981666922569275, 44.28767013549805]}, {'ligand_id': ('H_BGC', 307, ' '), 'residue_name': 'BGC', 'chain_id': 'A', 'num_atoms': 12, 'center': [-5.828749179840088, 5.91849946975708, 5.730165958404541]}, {'ligand_id': ('H_GLC', 308, ' '), 'residue_name': 'GLC', 'chain_id': 'A', 'num_atoms': 12, 'center': [0.5718333721160889, 0.07624997198581696, -2.479749917984009]}]"
1luq,processed,1,2,"[{'chain_id': 'A', 'length': 119, 'residue_range': '1016-1134'}, {'chain_id': 'B', 'length': 120, 'residue_range': '2016-2135'}]",4,"[{'ligand_id': ('H_BTN', 5100, ' '), 'residue_name': 'BTN', 'chain_id': 'A', 'num_atoms': 16, 'center': [29.39568519592285, 14.724312782287598, 12.290749549865723]}, {'ligand_id': ('H_GOL', 3001, ' '), 'residue_name': 'GOL', 'chain_id': 'A', 'num_atoms': 6, 'center': [30.860000610351562, 22.350831985473633, 30.0711669921875]}, {'ligand_id': ('H_MPD', 4001, ' '), 'residue_name': 'MPD', 'chain_id': 'A', 'num_atoms': 8, 'center': [42.174373626708984, 30.985376358032227, 1.6777499914169312]}, {'ligand_id': ('H_BTN', 5200, ' '), 'residue_name': 'BTN', 'chain_id': 'B', 'num_atoms': 16, 'center': [9.700812339782715, 27.909873962402344, 4.052999973297119]}]"
4yxi,processed,1,1,"[{'chain_id': 'A', 'length': 257, 'residue_range': '4-261'}]",5,"[{'ligand_id': ('H_ZN', 301, ' '), 'residue_name': 'ZN', 'chain_id': 'A', 'num_atoms': 1, 'center': [-3.632999897003174, -1.3049999475479126, 85.52300262451172]}, {'ligand_id': ('H_MBO', 302, ' '), 'residue_name': 'MBO', 'chain_id': 'A', 'num_atoms': 10, 'center': [2.435699939727783, 12.218799591064453, 98.55490112304688]}, {'ligand_id': ('H_4J8', 303, ' '), 'residue_name': '4J8', 'chain_id': 'A', 'num_atoms': 11, 'center': [-2.009272575378418, 2.8364546298980713, 85.84345245361328]}, {'ligand_id': ('H_4J8', 304, ' '), 'residue_name': '4J8', 'chain_id': 'A', 'num_atoms': 11, 'center': [-27.293909072875977, -0.9756364226341248, 82.7948226928711]}, {'ligand_id': ('H_GOL', 305, ' '), 'residue_name': 'GOL', 'chain_id': 'A', 'num_atoms': 6, 'center': [-1.3821667432785034, 1.196333408355713, 81.15917205810547]}]"
5mno,processed,1,1,"[{'chain_id': 'A', 'length': 223, 'residue_range': '16-245'}]",4,"[{'ligand_id': ('H_CA', 301, ' '), 'residue_name': 'CA', 'chain_id': 'A', 'num_atoms': 1, 'center': [-10.241000175476074, -24.89299964904785, 3.115000009536743]}, {'ligand_id': ('H_SO4', 302, ' '), 'residue_name': 'SO4', 'chain_id': 'A', 'num_atoms': 5, 'center': [-1.4220000505447388, -11.826399803161621, -10.695600509643555]}, {'ligand_id': ('H_SO4', 303, ' '), 'residue_name': 'SO4', 'chain_id': 'A', 'num_atoms': 5, 'center': [11.965600967407227, -35.80179977416992, -16.215600967407227]}, {'ligand_id': ('H_MRZ', 304, ' '), 'residue_name': 'MRZ', 'chain_id': 'A', 'num_atoms': 9, 'center': [-1.7767778635025024, -14.70677661895752, -16.869441986083984]}]"
6rfh,processed,1,1,"[{'chain_id': 'A', 'length': 257, 'residue_range': '4-261'}]",7,"[{'ligand_id': ('H_ZN', 301, ' '), 'residue_name': 'ZN', 'chain_id': 'A', 'num_atoms': 1, 'center': [14.385000228881836, -1.4190000295639038, 15.343999862670898]}, {'ligand_id': ('H_HG', 302, ' '), 'residue_name': 'HG', 'chain_id': 'A', 'num_atoms': 1, 'center': [18.999000549316406, 10.817999839782715, 23.40399932861328]}, {'ligand_id': ('H_BGC', 303, ' '), 'residue_name': 'BGC', 'chain_id': 'A', 'num_atoms': 12, 'center': [8.919999122619629, 0.8085833191871643, 44.27116775512695]}, {'ligand_id': ('H_BE7', 304, ' '), 'residue_name': 'BE7', 'chain_id': 'A', 'num_atoms': 10, 'center': [20.458799362182617, 12.330099105834961, 28.314401626586914]}, {'ligand_id': ('H_4SO', 305, ' '), 'residue_name': '4SO', 'chain_id': 'A', 'num_atoms': 13, 'center': [16.316692352294922, 3.3373847007751465, 15.452845573425293]}, {'ligand_id': ('H_4SO', 306, ' '), 'residue_name': '4SO', 'chain_id': 'A', 'num_atoms': 10, 'center': [10.909299850463867, 11.175000190734863, 6.92710018157959]}, {'ligand_id': ('H_4SO', 307, ' '), 'residue_name': '4SO', 'chain_id': 'A', 'num_atoms': 13, 'center': [33.464073181152344, -1.5913078784942627, 12.134461402893066]}]"
2nmz,processed,1,2,"[{'chain_id': 'A', 'length': 99, 'residue_range': '1-99'}, {'chain_id': 'B', 'length': 99, 'residue_range': '101-199'}]",4,"[{'ligand_id': ('H_SO4', 601, ' '), 'residue_name': 'SO4', 'chain_id': 'A', 'num_atoms': 5, 'center': [-4.084000110626221, 25.626598358154297, 21.825000762939453]}, {'ligand_id': ('H_SO4', 602, ' '), 'residue_name': 'SO4', 'chain_id': 'A', 'num_atoms': 5, 'center': [12.598199844360352, 12.08799934387207, 33.13779830932617]}, {'ligand_id': ('H_SO4', 603, ' '), 'residue_name': 'SO4', 'chain_id': 'B', 'num_atoms': 5, 'center': [43.02939987182617, 38.638397216796875, 13.472399711608887]}, {'ligand_id': ('H_ROC', 401, ' '), 'residue_name': 'ROC', 'chain_id': 'B', 'num_atoms': 49, 'center': [20.03575325012207, 29.54235076904297, 12.796489715576172]}]"
6qlr,processed,1,1,"[{'chain_id': 'A', 'length': 138, 'residue_range': '113-250'}]",2,"[{'ligand_id': ('H_J4N', 301, ' '), 'residue_name': 'J4N', 'chain_id': 'A', 'num_atoms': 52, 'center': [-18.40872573852539, 8.32984733581543, -1.4460771083831787]}, {'ligand_id': ('H_CL', 302, ' '), 'residue_name': 'CL', 'chain_id': 'A', 'num_atoms': 1, 'center': [-16.13800048828125, 10.588000297546387, 2.4760000705718994]}]"
7rwg,processed,1,1,"[{'chain_id': 'A', 'length': 384, 'residue_range': '12-395'}]",9,"[{'ligand_id': ('H_SAM', 401, ' '), 'residue_name': 'SAM', 'chain_id': 'A', 'num_atoms': 46, 'center': [-8.8955659866333, 12.94762897491455, -17.434370040893555]}, {'ligand_id': ('H_CL', 402, ' '), 'residue_name': 'CL', 'chain_id': 'A', 'num_atoms': 1, 'center': [-4.956999778747559, 9.295000076293945, -20.334999084472656]}, {'ligand_id': ('H_EDO', 403, ' '), 'residue_name': 'EDO', 'chain_id': 'A', 'num_atoms': 10, 'center': [5.722899913787842, 28.64620018005371, -35.25550079345703]}, {'ligand_id': ('H_EDO', 404, ' '), 'residue_name': 'EDO', 'chain_id': 'A', 'num_atoms': 10, 'center': [-13.727399826049805, 26.756702423095703, -14.040901184082031]}, {'ligand_id': ('H_EDO', 405, ' '), 'residue_name': 'EDO', 'chain_id': 'A', 'num_atoms': 10, 'center': [13.604499816894531, 13.893900871276855, -0.6053000092506409]}, {'ligand_id': ('H_EDO', 406, ' '), 'residue_name': 'EDO', 'chain_id': 'A', 'num_atoms': 10, 'center': [9.209599494934082, 18.13319969177246, -28.368000030517578]}, {'ligand_id': ('H_EDO', 407, ' '), 'residue_name': 'EDO', 'chain_id': 'A', 'num_atoms': 10, 'center': [27.573598861694336, 1.92169988155365, -50.2333984375]}, {'ligand_id': ('H_7UN', 408, ' '), 'residue_name': '7UN', 'chain_id': 'A', 'num_atoms': 50, 'center': [-2.5005996227264404, 5.602479934692383, -45.93805694580078]}, {'ligand_id': ('H_GOL', 409, ' '), 'residue_name': 'GOL', 'chain_id': 'A', 'num_atoms': 14, 'center': [15.585356712341309, 14.893928527832031, -12.268570899963379]}]"
5zio,processed,1,1,"[{'chain_id': 'A', 'length': 228, 'residue_range': '16-243'}]",3,"[{'ligand_id': ('H_ZN', 301, ' '), 'residue_name': 'ZN', 'chain_id': 'A', 'num_atoms': 1, 'center': [-1.0160000324249268, 24.94300079345703, 59.632999420166016]}, {'ligand_id': ('H_ZN', 302, ' '), 'residue_name': 'ZN', 'chain_id': 'A', 'num_atoms': 1, 'center': [-0.5799999833106995, 25.295000076293945, 55.92399978637695]}, {'ligand_id': ('H_X8Z', 303, ' '), 'residue_name': 'X8Z', 'chain_id': 'A', 'num_atoms': 14, 'center': [0.13292862474918365, 29.891286849975586, 56.8167839050293]}]"
6t81,processed,1,1,"[{'chain_id': 'A', 'length': 258, 'residue_range': '3-261'}]",5,"[{'ligand_id': ('H_ZN', 301, ' '), 'residue_name': 'ZN', 'chain_id': 'A', 'num_atoms': 1, 'center': [14.425999641418457, 0.2290000021457672, 15.204999923706055]}, {'ligand_id': ('H_MUE', 302, ' '), 'residue_name': 'MUE', 'chain_id': 'A', 'num_atoms': 14, 'center': [16.41721534729004, 5.082500457763672, 15.223785400390625]}, {'ligand_id': ('H_BCN', 303, ' '), 'residue_name': 'BCN', 'chain_id': 'A', 'num_atoms': 11, 'center': [0.398454487323761, -12.79272747039795, 23.72309112548828]}, {'ligand_id': ('H_AZI', 304, ' '), 'residue_name': 'AZI', 'chain_id': 'A', 'num_atoms': 3, 'center': [-2.940999984741211, -0.9339999556541443, 29.09366798400879]}, {'ligand_id': ('H_NA', 305, ' '), 'residue_name': 'NA', 'chain_id': 'A', 'num_atoms': 1, 'center': [3.2699999809265137, -20.141000747680664, 6.02400016784668]}]"
7xfa,processed,1,1,"[{'chain_id': 'A', 'length': 138, 'residue_range': '113-250'}]",1,"[{'ligand_id': ('H_D9J', 301, ' '), 'residue_name': 'D9J', 'chain_id': 'A', 'num_atoms': 60, 'center': [-18.635766983032227, -8.691568374633789, 1.2753831148147583]}]"
7qyo,processed,1,1,"[{'chain_id': 'A', 'length': 106, 'residue_range': '1794-1899'}]",2,"[{'ligand_id': ('H_GKI', 1901, ' '), 'residue_name': 'GKI', 'chain_id': 'A', 'num_atoms': 53, 'center': [10.381603240966797, 5.602075576782227, -8.521829605102539]}, {'ligand_id': ('H_GKI', 1902, ' '), 'residue_name': 'GKI', 'chain_id': 'A', 'num_atoms': 53, 'center': [13.59001636505127, -1.5612263679504395, -9.34152889251709]}]"
3lep,processed,1,1,"[{'chain_id': 'A', 'length': 314, 'residue_range': '0-313'}]",4,"[{'ligand_id': ('H_NAP', 500, ' '), 'residue_name': 'NAP', 'chain_id': 'A', 'num_atoms': 48, 'center': [21.279748916625977, -6.055936813354492, 27.413957595825195]}, {'ligand_id': ('H_388', 600, ' '), 'residue_name': '388', 'chain_id': 'A', 'num_atoms': 24, 'center': [16.569416046142578, -6.903416156768799, 14.852832794189453]}, {'ligand_id': ('H_BR', 700, ' '), 'residue_name': 'BR', 'chain_id': 'A', 'num_atoms': 1, 'center': [14.357999801635742, -1.4450000524520874, 9.394000053405762]}, {'ligand_id': ('H_CIT', 800, ' '), 'residue_name': 'CIT', 'chain_id': 'A', 'num_atoms': 13, 'center': [4.519384384155273, -17.19392204284668, 22.456541061401367]}]"
6td0,processed,1,1,"[{'chain_id': 'A', 'length': 270, 'residue_range': '23-294'}]",8,"[{'ligand_id': ('H_4D6', 301, ' '), 'residue_name': '4D6', 'chain_id': 'A', 'num_atoms': 35, 'center': [15.453229904174805, 8.238743782043457, 21.176740646362305]}, {'ligand_id': ('H_GOL', 302, ' '), 'residue_name': 'GOL', 'chain_id': 'A', 'num_atoms': 14, 'center': [25.50185775756836, 30.791500091552734, 10.415928840637207]}, {'ligand_id': ('H_GOL', 303, ' '), 'residue_name': 'GOL', 'chain_id': 'A', 'num_atoms': 14, 'center': [0.5102142095565796, 8.987000465393066, 10.62928581237793]}, {'ligand_id': ('H_SO4', 304, ' '), 'residue_name': 'SO4', 'chain_id': 'A', 'num_atoms': 5, 'center': [21.1112003326416, 1.8874000310897827, 9.55620002746582]}, {'ligand_id': ('H_SO4', 305, ' '), 'residue_name': 'SO4', 'chain_id': 'A', 'num_atoms': 5, 'center': [-0.004400002770125866, 0.0003999948385171592, 19.6200008392334]}, {'ligand_id': ('H_SO4', 306, ' '), 'residue_name': 'SO4', 'chain_id': 'A', 'num_atoms': 5, 'center': [-0.003600010182708502, 6.570799827575684, -1.3722000122070312]}, {'ligand_id': ('H_SO4', 307, ' '), 'residue_name': 'SO4', 'chain_id': 'A', 'num_atoms': 5, 'center': [27.215198516845703, 33.19260025024414, 30.912399291992188]}, {'ligand_id': ('H_SO4', 308, ' '), 'residue_name': 'SO4', 'chain_id': 'A', 'num_atoms': 5, 'center': [14.926800727844238, -0.21439997851848602, 15.595800399780273]}]"
6rig,processed,1,1,"[{'chain_id': 'A', 'length': 257, 'residue_range': '4-261'}]",9,"[{'ligand_id': ('H_ZN', 301, ' '), 'residue_name': 'ZN', 'chain_id': 'A', 'num_atoms': 1, 'center': [14.42300033569336, -1.3660000562667847, 15.371000289916992]}, {'ligand_id': ('H_HG', 302, ' '), 'residue_name': 'HG', 'chain_id': 'A', 'num_atoms': 1, 'center': [18.99799919128418, 10.817000389099121, 23.308000564575195]}, {'ligand_id': ('H_HG', 303, ' '), 'residue_name': 'HG', 'chain_id': 'A', 'num_atoms': 1, 'center': [22.77899932861328, 0.6549999713897705, 7.23199987411499]}, {'ligand_id': ('H_BE7', 304, ' '), 'residue_name': 'BE7', 'chain_id': 'A', 'num_atoms': 10, 'center': [20.56330108642578, 12.316999435424805, 28.219295501708984]}, {'ligand_id': ('H_GLC', 305, ' '), 'residue_name': 'GLC', 'chain_id': 'A', 'num_atoms': 12, 'center': [0.5113333463668823, 0.11175000667572021, -2.442833423614502]}, {'ligand_id': ('H_BGC', 306, ' '), 'residue_name': 'BGC', 'chain_id': 'A', 'num_atoms': 12, 'center': [9.043416976928711, 0.8150833249092102, 44.278499603271484]}, {'ligand_id': ('H_K4N', 307, ' '), 'residue_name': 'K4N', 'chain_id': 'A', 'num_atoms': 11, 'center': [33.29908752441406, -1.1695455312728882, 12.756636619567871]}, {'ligand_id': ('H_K4N', 308, ' '), 'residue_name': 'K4N', 'chain_id': 'A', 'num_atoms': 11, 'center': [15.794454574584961, 2.894818067550659, 15.872361183166504]}, {'ligand_id': ('H_K4N', 309, ' '), 'residue_name': 'K4N', 'chain_id': 'A', 'num_atoms': 11, 'center': [-3.0133635997772217, -5.5491814613342285, -2.2716362476348877]}]"
2agt,processed,1,1,"[{'chain_id': 'A', 'length': 316, 'residue_range': '0-315'}]",4,"[{'ligand_id': ('H_CL', 4058, ' '), 'residue_name': 'CL', 'chain_id': 'A', 'num_atoms': 1, 'center': [7.932000160217285, -6.816999912261963, 17.8799991607666]}, {'ligand_id': ('H_NAP', 318, ' '), 'residue_name': 'NAP', 'chain_id': 'A', 'num_atoms': 48, 'center': [21.083415985107422, -6.134937286376953, 27.23331642150879]}, {'ligand_id': ('H_FID', 320, ' '), 'residue_name': 'FID', 'chain_id': 'A', 'num_atoms': 20, 'center': [16.4986515045166, -7.812750339508057, 16.670549392700195]}, {'ligand_id': ('H_CIT', 450, ' '), 'residue_name': 'CIT', 'chain_id': 'A', 'num_atoms': 13, 'center': [4.180000305175781, -17.109922409057617, 22.271848678588867]}]"
2gg2,processed,1,1,"[{'chain_id': 'A', 'length': 263, 'residue_range': '2-264'}]",4,"[{'ligand_id': ('H_CO', 301, ' '), 'residue_name': 'CO', 'chain_id': 'A', 'num_atoms': 1, 'center': [2.6559998989105225, 0.8970000147819519, 7.775000095367432]}, {'ligand_id': ('H_CO', 302, ' '), 'residue_name': 'CO', 'chain_id': 'A', 'num_atoms': 1, 'center': [1.9140000343322754, 1.9149999618530273, 10.842000007629395]}, {'ligand_id': ('H_NA', 703, ' '), 'residue_name': 'NA', 'chain_id': 'A', 'num_atoms': 1, 'center': [1.5260000228881836, -7.9629998207092285, 20.47599983215332]}, {'ligand_id': ('H_U12', 801, ' '), 'residue_name': 'U12', 'chain_id': 'A', 'num_atoms': 19, 'center': [-3.8779995441436768, -0.5405263900756836, 9.134315490722656]}]"
2gh7,processed,1,2,"[{'chain_id': 'A', 'length': 121, 'residue_range': '14-134'}, {'chain_id': 'B', 'length': 120, 'residue_range': '16-135'}]",7,"[{'ligand_id': ('H_BTN', 5100, ' '), 'residue_name': 'BTN', 'chain_id': 'A', 'num_atoms': 16, 'center': [29.63312530517578, 14.833436012268066, 12.392250061035156]}, {'ligand_id': ('H_BTQ', 5101, ' '), 'residue_name': 'BTQ', 'chain_id': 'A', 'num_atoms': 16, 'center': [29.68137550354004, 14.872748374938965, 12.335311889648438]}, {'ligand_id': ('H_GOL', 3002, ' '), 'residue_name': 'GOL', 'chain_id': 'A', 'num_atoms': 6, 'center': [11.969833374023438, 19.752500534057617, 23.027999877929688]}, {'ligand_id': ('H_GOL', 3003, ' '), 'residue_name': 'GOL', 'chain_id': 'A', 'num_atoms': 6, 'center': [37.4456672668457, 11.737998962402344, 11.710833549499512]}, {'ligand_id': ('H_BTN', 5200, ' '), 'residue_name': 'BTN', 'chain_id': 'B', 'num_atoms': 16, 'center': [9.84331226348877, 27.955121994018555, 4.152249813079834]}, {'ligand_id': ('H_BTQ', 5201, ' '), 'residue_name': 'BTQ', 'chain_id': 'B', 'num_atoms': 16, 'center': [9.849750518798828, 27.91512107849121, 4.078437328338623]}, {'ligand_id': ('H_GOL', 3001, ' '), 'residue_name': 'GOL', 'chain_id': 'B', 'num_atoms': 6, 'center': [-3.818166732788086, 33.74166488647461, 12.505833625793457]}]"
2pzn,processed,1,1,"[{'chain_id': 'A', 'length': 316, 'residue_range': '1001-315'}]",2,"[{'ligand_id': ('H_NAP', 318, ' '), 'residue_name': 'NAP', 'chain_id': 'A', 'num_atoms': 48, 'center': [3.5964794158935547, -0.5733540654182434, 9.519416809082031]}, {'ligand_id': ('H_393', 320, ' '), 'residue_name': '393', 'chain_id': 'A', 'num_atoms': 25, 'center': [-8.893799781799316, 3.1223199367523193, 6.024360179901123]}]"
3djk,processed,1,2,"[{'chain_id': 'A', 'length': 99, 'residue_range': '1-99'}, {'chain_id': 'B', 'length': 99, 'residue_range': '101-199'}]",6,"[{'ligand_id': ('H_NA', 501, ' '), 'residue_name': 'NA', 'chain_id': 'A', 'num_atoms': 1, 'center': [24.023000717163086, 40.14500045776367, 1.343000054359436]}, {'ligand_id': ('H_CL', 511, ' '), 'residue_name': 'CL', 'chain_id': 'A', 'num_atoms': 1, 'center': [21.326000213623047, 39.38199996948242, 11.878999710083008]}, {'ligand_id': ('H_NA', 502, ' '), 'residue_name': 'NA', 'chain_id': 'B', 'num_atoms': 1, 'center': [18.663000106811523, 6.40500020980835, 35.34700012207031]}, {'ligand_id': ('H_CL', 512, ' '), 'residue_name': 'CL', 'chain_id': 'B', 'num_atoms': 1, 'center': [13.053000450134277, 45.46099853515625, 22.716999053955078]}, {'ligand_id': ('H_CL', 513, ' '), 'residue_name': 'CL', 'chain_id': 'B', 'num_atoms': 1, 'center': [4.1479997634887695, 16.642000198364258, 29.11400032043457]}, {'ligand_id': ('H_G55', 401, ' '), 'residue_name': 'G55', 'chain_id': 'B', 'num_atoms': 38, 'center': [16.141159057617188, 22.90192222595215, 16.98870849609375]}]"
3ghr,processed,1,1,"[{'chain_id': 'A', 'length': 316, 'residue_range': '0-315'}]",3,"[{'ligand_id': ('H_NDP', 318, ' '), 'residue_name': 'NDP', 'chain_id': 'A', 'num_atoms': 48, 'center': [21.346168518066406, -6.152604579925537, 27.472984313964844]}, {'ligand_id': ('H_LDT', 320, ' '), 'residue_name': 'LDT', 'chain_id': 'A', 'num_atoms': 24, 'center': [16.53424835205078, -7.216624736785889, 15.081999778747559]}, {'ligand_id': ('H_CIT', 450, ' '), 'residue_name': 'CIT', 'chain_id': 'A', 'num_atoms': 13, 'center': [4.438692092895508, -17.1649227142334, 22.494001388549805]}]"
3ghs,processed,1,1,"[{'chain_id': 'A', 'length': 316, 'residue_range': '0-315'}]",3,"[{'ligand_id': ('H_NDP', 318, ' '), 'residue_name': 'NDP', 'chain_id': 'A', 'num_atoms': 48, 'center': [21.349166870117188, -6.15306282043457, 27.474288940429688]}, {'ligand_id': ('H_LDT', 320, ' '), 'residue_name': 'LDT', 'chain_id': 'A', 'num_atoms': 24, 'center': [16.53074836730957, -7.2121663093566895, 15.064127922058105]}, {'ligand_id': ('H_CIT', 450, ' '), 'residue_name': 'CIT', 'chain_id': 'A', 'num_atoms': 13, 'center': [4.43953800201416, -17.176307678222656, 22.515769958496094]}]"
3u2c,processed,1,1,"[{'chain_id': 'A', 'length': 315, 'residue_range': '1-315'}]",8,"[{'ligand_id': ('H_NAP', 400, ' '), 'residue_name': 'NAP', 'chain_id': 'A', 'num_atoms': 48, 'center': [2.7516043186187744, 6.80358362197876, 22.424102783203125]}, {'ligand_id': ('H_PEG', 1800, ' '), 'residue_name': 'PEG', 'chain_id': 'A', 'num_atoms': 7, 'center': [2.453571319580078, -18.318857192993164, 16.018285751342773]}, {'ligand_id': ('H_PG5', 1803, ' '), 'residue_name': 'PG5', 'chain_id': 'A', 'num_atoms': 12, 'center': [2.8030831813812256, -5.943583011627197, 46.13008117675781]}, {'ligand_id': ('H_PG5', 1805, ' '), 'residue_name': 'PG5', 'chain_id': 'A', 'num_atoms': 12, 'center': [-1.5625001192092896, 17.493083953857422, 1.8044166564941406]}, {'ligand_id': ('H_CIT', 2000, ' '), 'residue_name': 'CIT', 'chain_id': 'A', 'num_atoms': 13, 'center': [-13.331615447998047, 9.771154403686523, 22.691383361816406]}, {'ligand_id': ('H_SUZ', 2001, ' '), 'residue_name': 'SUZ', 'chain_id': 'A', 'num_atoms': 25, 'center': [-9.448319435119629, 9.95508098602295, 17.817920684814453]}, {'ligand_id': ('H_PEG', 2010, ' '), 'residue_name': 'PEG', 'chain_id': 'A', 'num_atoms': 7, 'center': [12.463143348693848, -11.24914264678955, 20.76071548461914]}, {'ligand_id': ('H_PG4', 2011, ' '), 'residue_name': 'PG4', 'chain_id': 'A', 'num_atoms': 13, 'center': [10.302230834960938, 11.416153907775879, -5.382307052612305]}]"
4x6h,processed,1,1,"[{'chain_id': 'A', 'length': 215, 'residue_range': '1-215'}]",8,"[{'ligand_id': ('H_3XT', 301, ' '), 'residue_name': '3XT', 'chain_id': 'A', 'num_atoms': 23, 'center': [16.970304489135742, 8.019391059875488, -19.078649520874023]}, {'ligand_id': ('H_I37', 302, ' '), 'residue_name': 'I37', 'chain_id': 'A', 'num_atoms': 23, 'center': [17.171480178833008, 8.206304550170898, -19.247520446777344]}, {'ligand_id': ('H_SO4', 303, ' '), 'residue_name': 'SO4', 'chain_id': 'A', 'num_atoms': 5, 'center': [-9.593999862670898, 7.031599998474121, -17.92639923095703]}, {'ligand_id': ('H_SO4', 304, ' '), 'residue_name': 'SO4', 'chain_id': 'A', 'num_atoms': 5, 'center': [21.19839859008789, 4.971799373626709, -27.45420265197754]}, {'ligand_id': ('H_SO4', 305, ' '), 'residue_name': 'SO4', 'chain_id': 'A', 'num_atoms': 5, 'center': [11.970999717712402, -19.847801208496094, -20.62959861755371]}, {'ligand_id': ('H_SO4', 306, ' '), 'residue_name': 'SO4', 'chain_id': 'A', 'num_atoms': 5, 'center': [-2.8529999256134033, 7.76300048828125, -9.13539981842041]}, {'ligand_id': ('H_SO4', 307, ' '), 'residue_name': 'SO4', 'chain_id': 'A', 'num_atoms': 5, 'center': [-8.451398849487305, -7.971399784088135, -12.995999336242676]}, {'ligand_id': ('H_SO4', 308, ' '), 'residue_name': 'SO4', 'chain_id': 'A', 'num_atoms': 5, 'center': [29.80419921875, -4.681400299072266, -6.486199855804443]}]"
4xzh,processed,1,2,"[{'chain_id': 'A', 'length': 316, 'residue_range': '0-315'}, {'chain_id': 'B', 'length': 316, 'residue_range': '0-315'}]",4,"[{'ligand_id': ('H_NAP', 401, ' '), 'residue_name': 'NAP', 'chain_id': 'A', 'num_atoms': 48, 'center': [6.4529805183410645, -5.289124488830566, -5.494166851043701]}, {'ligand_id': ('H_48I', 402, ' '), 'residue_name': '48I', 'chain_id': 'A', 'num_atoms': 23, 'center': [5.357086181640625, 8.353044509887695, -5.375434398651123]}, {'ligand_id': ('H_NAP', 401, ' '), 'residue_name': 'NAP', 'chain_id': 'B', 'num_atoms': 48, 'center': [24.368438720703125, -11.030269622802734, -38.3051872253418]}, {'ligand_id': ('H_48I', 402, ' '), 'residue_name': '48I', 'chain_id': 'B', 'num_atoms': 23, 'center': [22.84278106689453, 2.4734346866607666, -37.629215240478516]}]"
6qln,processed,1,1,"[{'chain_id': 'A', 'length': 138, 'residue_range': '113-250'}]",1,"[{'ligand_id': ('H_J5Q', 301, ' '), 'residue_name': 'J5Q', 'chain_id': 'A', 'num_atoms': 52, 'center': [-18.356632232666016, 8.308980941772461, -1.4431153535842896]}]"
6rl9,processed,1,1,"[{'chain_id': 'A', 'length': 258, 'residue_range': '3-261'}]",10,"[{'ligand_id': ('H_ZN', 301, ' '), 'residue_name': 'ZN', 'chain_id': 'A', 'num_atoms': 1, 'center': [14.458000183105469, -1.3040000200271606, 15.36299991607666]}, {'ligand_id': ('H_HG', 302, ' '), 'residue_name': 'HG', 'chain_id': 'A', 'num_atoms': 1, 'center': [19.020000457763672, 10.836999893188477, 23.413000106811523]}, {'ligand_id': ('H_HG', 303, ' '), 'residue_name': 'HG', 'chain_id': 'A', 'num_atoms': 1, 'center': [22.847999572753906, 0.5839999914169312, 7.185999870300293]}, {'ligand_id': ('H_SAN', 304, ' '), 'residue_name': 'SAN', 'chain_id': 'A', 'num_atoms': 11, 'center': [15.937272071838379, 2.9424545764923096, 15.734726905822754]}, {'ligand_id': ('H_SAN', 305, ' '), 'residue_name': 'SAN', 'chain_id': 'A', 'num_atoms': 11, 'center': [33.59745407104492, -1.4578182697296143, 14.05545425415039]}, {'ligand_id': ('H_SAN', 306, ' '), 'residue_name': 'SAN', 'chain_id': 'A', 'num_atoms': 11, 'center': [13.155272483825684, 8.946908950805664, 7.704908847808838]}, {'ligand_id': ('H_BGC', 307, ' '), 'residue_name': 'BGC', 'chain_id': 'A', 'num_atoms': 12, 'center': [8.948333740234375, 0.891333281993866, 44.317081451416016]}, {'ligand_id': ('H_BGC', 308, ' '), 'residue_name': 'BGC', 'chain_id': 'A', 'num_atoms': 12, 'center': [-5.9093337059021, 5.913082599639893, 5.5348334312438965]}, {'ligand_id': ('H_GLC', 309, ' '), 'residue_name': 'GLC', 'chain_id': 'A', 'num_atoms': 12, 'center': [0.70250004529953, 0.15391665697097778, -2.5268332958221436]}, {'ligand_id': ('H_BE7', 310, ' '), 'residue_name': 'BE7', 'chain_id': 'A', 'num_atoms': 10, 'center': [20.454198837280273, 12.391500473022461, 28.356002807617188]}]"
6sfq,processed,1,1,"[{'chain_id': 'A', 'length': 257, 'residue_range': '4-261'}]",7,"[{'ligand_id': ('H_ZN', 301, ' '), 'residue_name': 'ZN', 'chain_id': 'A', 'num_atoms': 1, 'center': [-6.827000141143799, -1.6030000448226929, 15.187999725341797]}, {'ligand_id': ('H_NA', 302, ' '), 'residue_name': 'NA', 'chain_id': 'A', 'num_atoms': 1, 'center': [-10.661999702453613, -5.5980000495910645, 38.500999450683594]}, {'ligand_id': ('H_DMS', 303, ' '), 'residue_name': 'DMS', 'chain_id': 'A', 'num_atoms': 4, 'center': [1.7022500038146973, -11.595749855041504, 15.209000587463379]}, {'ligand_id': ('H_7Q1', 304, ' '), 'residue_name': '7Q1', 'chain_id': 'A', 'num_atoms': 13, 'center': [-4.767615795135498, 2.186692237854004, 15.317231178283691]}, {'ligand_id': ('H_BE7', 305, ' '), 'residue_name': 'BE7', 'chain_id': 'A', 'num_atoms': 10, 'center': [-0.6381999850273132, 11.900500297546387, 28.132999420166016]}, {'ligand_id': ('H_HG', 306, ' '), 'residue_name': 'HG', 'chain_id': 'A', 'num_atoms': 1, 'center': [1.4980000257492065, 0.12999999523162842, 7.323999881744385]}, {'ligand_id': ('H_HG', 307, ' '), 'residue_name': 'HG', 'chain_id': 'A', 'num_atoms': 1, 'center': [-2.1989998817443848, 10.46500015258789, 23.26799964904785]}]"
4yx4,processed,1,1,"[{'chain_id': 'A', 'length': 257, 'residue_range': '4-261'}]",4,"[{'ligand_id': ('H_ZN', 301, ' '), 'residue_name': 'ZN', 'chain_id': 'A', 'num_atoms': 1, 'center': [-3.50600004196167, 0.40700000524520874, 85.31400299072266]}, {'ligand_id': ('H_MBO', 302, ' '), 'residue_name': 'MBO', 'chain_id': 'A', 'num_atoms': 10, 'center': [2.555600166320801, 14.02769947052002, 98.17670440673828]}, {'ligand_id': ('H_FB2', 303, ' '), 'residue_name': 'FB2', 'chain_id': 'A', 'num_atoms': 10, 'center': [-2.089399814605713, 4.282999515533447, 85.82350158691406]}, {'ligand_id': ('H_GOL', 304, ' '), 'residue_name': 'GOL', 'chain_id': 'A', 'num_atoms': 6, 'center': [-1.315333366394043, 2.831833600997925, 80.98983764648438]}]"
5mnp,processed,1,1,"[{'chain_id': 'A', 'length': 223, 'residue_range': '16-245'}]",5,"[{'ligand_id': ('H_CA', 301, ' '), 'residue_name': 'CA', 'chain_id': 'A', 'num_atoms': 1, 'center': [-10.237000465393066, -24.875999450683594, 3.1029999256134033]}, {'ligand_id': ('H_SO4', 302, ' '), 'residue_name': 'SO4', 'chain_id': 'A', 'num_atoms': 5, 'center': [-1.2907999753952026, -11.750399589538574, -10.738800048828125]}, {'ligand_id': ('H_SO4', 303, ' '), 'residue_name': 'SO4', 'chain_id': 'A', 'num_atoms': 5, 'center': [16.891599655151367, -21.870800018310547, 9.80679988861084]}, {'ligand_id': ('H_SO4', 304, ' '), 'residue_name': 'SO4', 'chain_id': 'A', 'num_atoms': 5, 'center': [11.87399959564209, -35.849403381347656, -16.28219985961914]}, {'ligand_id': ('H_MRZ', 305, ' '), 'residue_name': 'MRZ', 'chain_id': 'A', 'num_atoms': 11, 'center': [-1.7082728147506714, -15.13454532623291, -17.151636123657227]}]"
6t7q,processed,1,1,"[{'chain_id': 'A', 'length': 316, 'residue_range': '0-315'}]",3,"[{'ligand_id': ('H_4G7', 401, ' '), 'residue_name': '4G7', 'chain_id': 'A', 'num_atoms': 25, 'center': [-36.87215805053711, 5.485599994659424, -41.83140182495117]}, {'ligand_id': ('H_CIT', 402, ' '), 'residue_name': 'CIT', 'chain_id': 'A', 'num_atoms': 13, 'center': [-45.07284164428711, 15.819539070129395, -30.132383346557617]}, {'ligand_id': ('H_NAP', 403, ' '), 'residue_name': 'NAP', 'chain_id': 'A', 'num_atoms': 76, 'center': [-49.35271072387695, 4.693644046783447, -46.949623107910156]}]"
4jfm,processed,1,1,"[{'chain_id': 'A', 'length': 128, 'residue_range': '13-140'}]",1,"[{'ligand_id': ('H_1KZ', 201, ' '), 'residue_name': '1KZ', 'chain_id': 'A', 'num_atoms': 35, 'center': [8.411773681640625, 15.928799629211426, 20.19194221496582]}]"
6hr3,processed,1,1,"[{'chain_id': 'A', 'length': 257, 'residue_range': '4-261'}]",5,"[{'ligand_id': ('H_ZN', 301, ' '), 'residue_name': 'ZN', 'chain_id': 'A', 'num_atoms': 1, 'center': [-27.898000717163086, -1.4119999408721924, 15.42300033569336]}, {'ligand_id': ('H_BGC', 302, ' '), 'residue_name': 'BGC', 'chain_id': 'A', 'num_atoms': 12, 'center': [-33.299163818359375, 0.8074166178703308, 44.33583068847656]}, {'ligand_id': ('H_MBO', 303, ' '), 'residue_name': 'MBO', 'chain_id': 'A', 'num_atoms': 10, 'center': [-21.799598693847656, 12.363299369812012, 28.288402557373047]}, {'ligand_id': ('H_HG', 304, ' '), 'residue_name': 'HG', 'chain_id': 'A', 'num_atoms': 1, 'center': [-23.270000457763672, 10.788999557495117, 23.381000518798828]}, {'ligand_id': ('H_4JE', 305, ' '), 'residue_name': '4JE', 'chain_id': 'A', 'num_atoms': 13, 'center': [-25.85453987121582, 3.4331538677215576, 15.357924461364746]}]"
3lz3,processed,1,1,"[{'chain_id': 'A', 'length': 313, 'residue_range': '0-312'}]",4,"[{'ligand_id': ('H_NAP', 500, ' '), 'residue_name': 'NAP', 'chain_id': 'A', 'num_atoms': 48, 'center': [21.239749908447266, -6.0690836906433105, 27.39458465576172]}, {'ligand_id': ('H_388', 600, ' '), 'residue_name': '388', 'chain_id': 'A', 'num_atoms': 24, 'center': [16.545042037963867, -6.881958484649658, 14.802292823791504]}, {'ligand_id': ('H_BR', 700, ' '), 'residue_name': 'BR', 'chain_id': 'A', 'num_atoms': 1, 'center': [14.307999610900879, -1.343999981880188, 9.104000091552734]}, {'ligand_id': ('H_CIT', 800, ' '), 'residue_name': 'CIT', 'chain_id': 'A', 'num_atoms': 13, 'center': [4.481230735778809, -17.1846923828125, 22.483768463134766]}]"
3ndx,processed,1,2,"[{'chain_id': 'A', 'length': 99, 'residue_range': '1-99'}, {'chain_id': 'B', 'length': 99, 'residue_range': '1-99'}]",10,"[{'ligand_id': ('H_RIT', 100, ' '), 'residue_name': 'RIT', 'chain_id': 'A', 'num_atoms': 50, 'center': [30.996557235717773, 0.01965963840484619, 12.800398826599121]}, {'ligand_id': ('H_DMS', 991, ' '), 'residue_name': 'DMS', 'chain_id': 'A', 'num_atoms': 4, 'center': [44.40599822998047, -0.606249988079071, 34.97224807739258]}, {'ligand_id': ('H_GOL', 1041, ' '), 'residue_name': 'GOL', 'chain_id': 'A', 'num_atoms': 6, 'center': [30.023666381835938, -10.890334129333496, 15.964500427246094]}, {'ligand_id': ('H_CL', 308, ' '), 'residue_name': 'CL', 'chain_id': 'A', 'num_atoms': 1, 'center': [31.641000747680664, 13.031999588012695, 12.336000442504883]}, {'ligand_id': ('H_SO4', 100, ' '), 'residue_name': 'SO4', 'chain_id': 'B', 'num_atoms': 5, 'center': [18.40559959411621, 8.042200088500977, 34.606597900390625]}, {'ligand_id': ('H_GOL', 101, ' '), 'residue_name': 'GOL', 'chain_id': 'B', 'num_atoms': 6, 'center': [18.365501403808594, 0.06316664069890976, 31.319833755493164]}, {'ligand_id': ('H_DMS', 992, ' '), 'residue_name': 'DMS', 'chain_id': 'B', 'num_atoms': 4, 'center': [7.716750144958496, 3.190000057220459, 21.422500610351562]}, {'ligand_id': ('H_DMS', 993, ' '), 'residue_name': 'DMS', 'chain_id': 'B', 'num_atoms': 4, 'center': [8.184499740600586, -9.240750312805176, 13.50575065612793]}, {'ligand_id': ('H_DMS', 994, ' '), 'residue_name': 'DMS', 'chain_id': 'B', 'num_atoms': 4, 'center': [2.3564999103546143, 3.638000011444092, 21.886249542236328]}, {'ligand_id': ('H_SO4', 1040, ' '), 'residue_name': 'SO4', 'chain_id': 'B', 'num_atoms': 5, 'center': [13.134599685668945, 12.0506010055542, 28.314599990844727]}]"
5ll8,processed,1,1,"[{'chain_id': 'A', 'length': 257, 'residue_range': '4-261'}]",8,"[{'ligand_id': ('H_GOL', 301, ' '), 'residue_name': 'GOL', 'chain_id': 'A', 'num_atoms': 6, 'center': [16.727664947509766, 0.2789999544620514, 10.8836669921875]}, {'ligand_id': ('H_GOL', 302, ' '), 'residue_name': 'GOL', 'chain_id': 'A', 'num_atoms': 6, 'center': [9.128167152404785, -0.4960000216960907, 42.87833023071289]}, {'ligand_id': ('H_GOL', 303, ' '), 'residue_name': 'GOL', 'chain_id': 'A', 'num_atoms': 6, 'center': [23.804168701171875, -11.713000297546387, 14.85183334350586]}, {'ligand_id': ('H_GOL', 304, ' '), 'residue_name': 'GOL', 'chain_id': 'A', 'num_atoms': 6, 'center': [29.07849884033203, -6.259500026702881, 24.5921688079834]}, {'ligand_id': ('H_ZN', 305, ' '), 'residue_name': 'ZN', 'chain_id': 'A', 'num_atoms': 1, 'center': [14.491999626159668, -2.2209999561309814, 15.289999961853027]}, {'ligand_id': ('H_6YP', 306, ' '), 'residue_name': '6YP', 'chain_id': 'A', 'num_atoms': 14, 'center': [16.748428344726562, 2.984571695327759, 15.207571983337402]}, {'ligand_id': ('H_BE7', 307, ' '), 'residue_name': 'BE7', 'chain_id': 'A', 'num_atoms': 10, 'center': [20.645000457763672, 11.317899703979492, 28.136402130126953]}, {'ligand_id': ('H_HG', 308, ' '), 'residue_name': 'HG', 'chain_id': 'A', 'num_atoms': 1, 'center': [19.10099983215332, 9.847000122070312, 23.243000030517578]}]"
8b3n,processed,1,1,"[{'chain_id': 'A', 'length': 316, 'residue_range': '0-315'}]",3,"[{'ligand_id': ('H_NAP', 401, ' '), 'residue_name': 'NAP', 'chain_id': 'A', 'num_atoms': 76, 'center': [46.54290008544922, 6.726195812225342, 120.71435546875]}, {'ligand_id': ('H_4G7', 402, ' '), 'residue_name': '4G7', 'chain_id': 'A', 'num_atoms': 25, 'center': [33.858795166015625, 7.258520603179932, 115.5763931274414]}, {'ligand_id': ('H_CIT', 403, ' '), 'residue_name': 'CIT', 'chain_id': 'A', 'num_atoms': 13, 'center': [42.186767578125, 17.808385848999023, 104.05592346191406]}]"
6bqa,processed,1,1,"[{'chain_id': 'A', 'length': 102, 'residue_range': '22-123'}]",1,"[{'ligand_id': ('H_67C', 201, ' '), 'residue_name': '67C', 'chain_id': 'A', 'num_atoms': 46, 'center': [-46.55647659301758, -27.88871955871582, 2.756500005722046]}]"
1z3n,processed,1,1,"[{'chain_id': 'A', 'length': 316, 'residue_range': '0-315'}]",2,"[{'ligand_id': ('H_NDP', 318, ' '), 'residue_name': 'NDP', 'chain_id': 'A', 'num_atoms': 48, 'center': [21.372520446777344, -6.161458492279053, 27.708206176757812]}, {'ligand_id': ('H_3NA', 320, ' '), 'residue_name': '3NA', 'chain_id': 'A', 'num_atoms': 26, 'center': [16.94365119934082, -6.259730815887451, 14.340498924255371]}]"
6hmb,processed,1,1,"[{'chain_id': 'A', 'length': 328, 'residue_range': '7-334'}]",13,"[{'ligand_id': ('H_EDO', 401, ' '), 'residue_name': 'EDO', 'chain_id': 'A', 'num_atoms': 10, 'center': [54.4473991394043, 38.12310028076172, 11.940999984741211]}, {'ligand_id': ('H_EDO', 402, ' '), 'residue_name': 'EDO', 'chain_id': 'A', 'num_atoms': 10, 'center': [36.47819900512695, 38.2650032043457, 10.626800537109375]}, {'ligand_id': ('H_EDO', 403, ' '), 'residue_name': 'EDO', 'chain_id': 'A', 'num_atoms': 10, 'center': [45.39580154418945, 63.73199462890625, 7.135200500488281]}, {'ligand_id': ('H_EDO', 404, ' '), 'residue_name': 'EDO', 'chain_id': 'A', 'num_atoms': 10, 'center': [36.30260467529297, 48.114402770996094, 20.4153995513916]}, {'ligand_id': ('H_EDO', 405, ' '), 'residue_name': 'EDO', 'chain_id': 'A', 'num_atoms': 10, 'center': [32.52470016479492, 39.26789855957031, 1.0298999547958374]}, {'ligand_id': ('H_EDO', 406, ' '), 'residue_name': 'EDO', 'chain_id': 'A', 'num_atoms': 10, 'center': [36.94490051269531, 33.98699951171875, 8.826200485229492]}, {'ligand_id': ('H_EDO', 407, ' '), 'residue_name': 'EDO', 'chain_id': 'A', 'num_atoms': 10, 'center': [27.1117000579834, 47.92170333862305, -5.687499523162842]}, {'ligand_id': ('H_EDO', 408, ' '), 'residue_name': 'EDO', 'chain_id': 'A', 'num_atoms': 10, 'center': [50.2920036315918, 36.395599365234375, -7.501099586486816]}, {'ligand_id': ('H_EDO', 409, ' '), 'residue_name': 'EDO', 'chain_id': 'A', 'num_atoms': 10, 'center': [52.6859016418457, 39.81559371948242, -14.595601081848145]}, {'ligand_id': ('H_EDO', 410, ' '), 'residue_name': 'EDO', 'chain_id': 'A', 'num_atoms': 10, 'center': [40.720802307128906, 35.66020202636719, -3.357599973678589]}, {'ligand_id': ('H_CL', 411, ' '), 'residue_name': 'CL', 'chain_id': 'A', 'num_atoms': 1, 'center': [25.47800064086914, 52.053001403808594, -5.631999969482422]}, {'ligand_id': ('H_CL', 412, ' '), 'residue_name': 'CL', 'chain_id': 'A', 'num_atoms': 1, 'center': [53.058998107910156, 39.915000915527344, -9.319000244140625]}, {'ligand_id': ('H_3NG', 413, ' '), 'residue_name': '3NG', 'chain_id': 'A', 'num_atoms': 36, 'center': [42.539939880371094, 31.009199142456055, 9.382444381713867]}]"
5i40,processed,1,1,"[{'chain_id': 'A', 'length': 102, 'residue_range': '22-123'}]",6,"[{'ligand_id': ('H_EDO', 201, ' '), 'residue_name': 'EDO', 'chain_id': 'A', 'num_atoms': 4, 'center': [-34.69474792480469, -7.80049991607666, -5.137249946594238]}, {'ligand_id': ('H_EDO', 202, ' '), 'residue_name': 'EDO', 'chain_id': 'A', 'num_atoms': 4, 'center': [-14.191499710083008, 4.066999912261963, 5.850250244140625]}, {'ligand_id': ('H_EDO', 203, ' '), 'residue_name': 'EDO', 'chain_id': 'A', 'num_atoms': 4, 'center': [-12.984500885009766, -1.345250129699707, -1.6852500438690186]}, {'ligand_id': ('H_EDO', 204, ' '), 'residue_name': 'EDO', 'chain_id': 'A', 'num_atoms': 4, 'center': [-11.64799976348877, -2.8615000247955322, 14.081999778747559]}, {'ligand_id': ('H_PEG', 205, ' '), 'residue_name': 'PEG', 'chain_id': 'A', 'num_atoms': 5, 'center': [-11.439599990844727, -5.291200160980225, 2.56820011138916]}, {'ligand_id': ('H_67N', 206, ' '), 'residue_name': '67N', 'chain_id': 'A', 'num_atoms': 12, 'center': [-18.49441909790039, 5.982749938964844, 10.36400032043457]}]"
1t41,processed,1,1,"[{'chain_id': 'A', 'length': 316, 'residue_range': '1001-315'}]",2,"[{'ligand_id': ('H_NAP', 318, ' '), 'residue_name': 'NAP', 'chain_id': 'A', 'num_atoms': 48, 'center': [3.416105031967163, -0.2803959548473358, 9.580082893371582]}, {'ligand_id': ('H_ID5', 320, ' '), 'residue_name': 'ID5', 'chain_id': 'A', 'num_atoms': 28, 'center': [-8.967463493347168, 3.369678497314453, 5.9644999504089355]}]"
2gg9,processed,1,1,"[{'chain_id': 'A', 'length': 263, 'residue_range': '2-264'}]",4,"[{'ligand_id': ('H_CO', 301, ' '), 'residue_name': 'CO', 'chain_id': 'A', 'num_atoms': 1, 'center': [2.0899999141693115, 0.9860000014305115, 7.566999912261963]}, {'ligand_id': ('H_CO', 302, ' '), 'residue_name': 'CO', 'chain_id': 'A', 'num_atoms': 1, 'center': [1.5609999895095825, 1.8869999647140503, 10.720999717712402]}, {'ligand_id': ('H_NA', 803, ' '), 'residue_name': 'NA', 'chain_id': 'A', 'num_atoms': 1, 'center': [1.3589999675750732, -7.784999847412109, 20.440000534057617]}, {'ligand_id': ('H_U16', 801, ' '), 'residue_name': 'U16', 'chain_id': 'A', 'num_atoms': 30, 'center': [-3.687333345413208, -1.6464000940322876, 7.801399230957031]}]"
3d1x,processed,1,2,"[{'chain_id': 'A', 'length': 99, 'residue_range': '1-99'}, {'chain_id': 'B', 'length': 99, 'residue_range': '1-99'}]",5,"[{'ligand_id': ('H_CL', 502, ' '), 'residue_name': 'CL', 'chain_id': 'A', 'num_atoms': 1, 'center': [21.833999633789062, 38.7760009765625, 11.899999618530273]}, {'ligand_id': ('H_ROC', 201, ' '), 'residue_name': 'ROC', 'chain_id': 'A', 'num_atoms': 49, 'center': [18.462631225585938, 23.320343017578125, 18.21257209777832]}, {'ligand_id': ('H_GOL', 801, ' '), 'residue_name': 'GOL', 'chain_id': 'A', 'num_atoms': 6, 'center': [26.152833938598633, 26.483999252319336, 17.39583396911621]}, {'ligand_id': ('H_CL', 501, ' '), 'residue_name': 'CL', 'chain_id': 'B', 'num_atoms': 1, 'center': [13.753999710083008, 45.2239990234375, 22.70199966430664]}, {'ligand_id': ('H_CL', 503, ' '), 'residue_name': 'CL', 'chain_id': 'B', 'num_atoms': 1, 'center': [4.105999946594238, 16.698999404907227, 29.1299991607666]}]"
3d1y,processed,1,2,"[{'chain_id': 'A', 'length': 99, 'residue_range': '1-99'}, {'chain_id': 'B', 'length': 99, 'residue_range': '101-199'}]",4,"[{'ligand_id': ('H_NA', 801, ' '), 'residue_name': 'NA', 'chain_id': 'A', 'num_atoms': 1, 'center': [24.48900032043457, 39.750999450683594, 1.2960000038146973]}, {'ligand_id': ('H_CL', 802, ' '), 'residue_name': 'CL', 'chain_id': 'A', 'num_atoms': 1, 'center': [21.75, 38.89799880981445, 11.890999794006348]}, {'ligand_id': ('H_ROC', 201, ' '), 'residue_name': 'ROC', 'chain_id': 'A', 'num_atoms': 49, 'center': [18.456817626953125, 23.44912338256836, 18.184349060058594]}, {'ligand_id': ('H_CL', 803, ' '), 'residue_name': 'CL', 'chain_id': 'B', 'num_atoms': 1, 'center': [13.746000289916992, 45.25899887084961, 22.770000457763672]}]"
3d20,processed,1,2,"[{'chain_id': 'A', 'length': 99, 'residue_range': '1-99'}, {'chain_id': 'B', 'length': 99, 'residue_range': '101-199'}]",4,"[{'ligand_id': ('H_NA', 901, ' '), 'residue_name': 'NA', 'chain_id': 'A', 'num_atoms': 1, 'center': [5.130000114440918, 3.2170000076293945, 1.4170000553131104]}, {'ligand_id': ('H_CL', 903, ' '), 'residue_name': 'CL', 'chain_id': 'A', 'num_atoms': 1, 'center': [7.810999870300293, 4.064000129699707, 11.92199993133545]}, {'ligand_id': ('H_017', 201, ' '), 'residue_name': '017', 'chain_id': 'A', 'num_atoms': 38, 'center': [13.361106872558594, 20.68181800842285, 16.971498489379883]}, {'ligand_id': ('H_CL', 902, ' '), 'residue_name': 'CL', 'chain_id': 'B', 'num_atoms': 1, 'center': [16.01099967956543, -1.9780000448226929, 22.797000885009766]}]"
4plz,processed,1,1,"[{'chain_id': 'A', 'length': 302, 'residue_range': '3-316'}]",2,"[{'ligand_id': ('H_OXM', 401, ' '), 'residue_name': 'OXM', 'chain_id': 'A', 'num_atoms': 6, 'center': [24.975500106811523, 19.977500915527344, 3.5421667098999023]}, {'ligand_id': ('H_NAI', 402, ' '), 'residue_name': 'NAI', 'chain_id': 'A', 'num_atoms': 44, 'center': [32.72692108154297, 16.842294692993164, 10.391522407531738]}]"
4qr6,processed,1,1,"[{'chain_id': 'A', 'length': 316, 'residue_range': '0-315'}]",2,"[{'ligand_id': ('H_NAP', 401, ' '), 'residue_name': 'NAP', 'chain_id': 'A', 'num_atoms': 48, 'center': [69.56775665283203, -6.789479732513428, 51.21877670288086]}, {'ligand_id': ('H_37V', 402, ' '), 'residue_name': '37V', 'chain_id': 'A', 'num_atoms': 25, 'center': [64.98699188232422, -7.383720874786377, 38.50271987915039]}]"
5bt3,processed,1,1,"[{'chain_id': 'A', 'length': 114, 'residue_range': '1048-1161'}]",2,"[{'ligand_id': ('H_2LO', 1201, ' '), 'residue_name': '2LO', 'chain_id': 'A', 'num_atoms': 36, 'center': [23.259916305541992, 3.4089999198913574, 5.288806438446045]}, {'ligand_id': ('H_IPA', 1202, ' '), 'residue_name': 'IPA', 'chain_id': 'A', 'num_atoms': 4, 'center': [14.859000205993652, 17.64674949645996, 21.161001205444336]}]"
5etp,processed,1,1,"[{'chain_id': 'A', 'length': 160, 'residue_range': '-1-158'}]",10,"[{'ligand_id': ('H_APC', 201, ' '), 'residue_name': 'APC', 'chain_id': 'A', 'num_atoms': 31, 'center': [-3.1456778049468994, 21.87051773071289, -9.862903594970703]}, {'ligand_id': ('H_CA', 202, ' '), 'residue_name': 'CA', 'chain_id': 'A', 'num_atoms': 1, 'center': [-3.128000020980835, 0.4480000138282776, -3.821000099182129]}, {'ligand_id': ('H_CA', 203, ' '), 'residue_name': 'CA', 'chain_id': 'A', 'num_atoms': 1, 'center': [-2.3610000610351562, 28.125999450683594, -27.663999557495117]}, {'ligand_id': ('H_CA', 204, ' '), 'residue_name': 'CA', 'chain_id': 'A', 'num_atoms': 1, 'center': [-6.861000061035156, 20.322999954223633, -14.251999855041504]}, {'ligand_id': ('H_CA', 205, ' '), 'residue_name': 'CA', 'chain_id': 'A', 'num_atoms': 1, 'center': [-3.5959999561309814, 19.62700080871582, -12.38599967956543]}, {'ligand_id': ('H_NA', 206, ' '), 'residue_name': 'NA', 'chain_id': 'A', 'num_atoms': 1, 'center': [-20.316999435424805, 27.315000534057617, -1.3320000171661377]}, {'ligand_id': ('H_NA', 207, ' '), 'residue_name': 'NA', 'chain_id': 'A', 'num_atoms': 1, 'center': [-13.951000213623047, 6.868000030517578, 6.508999824523926]}, {'ligand_id': ('H_NA', 208, ' '), 'residue_name': 'NA', 'chain_id': 'A', 'num_atoms': 1, 'center': [-1.7569999694824219, 6.414999961853027, 6.855000019073486]}, {'ligand_id': ('H_5RZ', 209, ' '), 'residue_name': '5RZ', 'chain_id': 'A', 'num_atoms': 22, 'center': [-10.08931827545166, 23.124771118164062, -18.745363235473633]}, {'ligand_id': ('H_CL', 210, ' '), 'residue_name': 'CL', 'chain_id': 'A', 'num_atoms': 1, 'center': [2.609999895095825, 17.264999389648438, -21.207000732421875]}]"
5i86,processed,1,2,"[{'chain_id': 'A', 'length': 115, 'residue_range': '1082-1196'}, {'chain_id': 'B', 'length': 114, 'residue_range': '1083-1196'}]",5,"[{'ligand_id': ('H_EDO', 1201, ' '), 'residue_name': 'EDO', 'chain_id': 'A', 'num_atoms': 4, 'center': [-54.683250427246094, 4.638999938964844, -14.510000228881836]}, {'ligand_id': ('H_SCN', 1202, ' '), 'residue_name': 'SCN', 'chain_id': 'A', 'num_atoms': 3, 'center': [-57.48699951171875, -13.657666206359863, -6.561333179473877]}, {'ligand_id': ('H_69A', 1203, ' '), 'residue_name': '69A', 'chain_id': 'A', 'num_atoms': 23, 'center': [-53.85334014892578, 1.7903480529785156, -10.961478233337402]}, {'ligand_id': ('H_EDO', 1201, ' '), 'residue_name': 'EDO', 'chain_id': 'B', 'num_atoms': 4, 'center': [-71.06100463867188, -3.9957499504089355, 31.609500885009766]}, {'ligand_id': ('H_69A', 1202, ' '), 'residue_name': '69A', 'chain_id': 'B', 'num_atoms': 23, 'center': [-53.94908142089844, -16.656173706054688, 16.45621681213379]}]"
5j0d,processed,1,1,"[{'chain_id': 'A', 'length': 117, 'residue_range': '1081-1197'}]",4,"[{'ligand_id': ('H_6F9', 1201, ' '), 'residue_name': '6F9', 'chain_id': 'A', 'num_atoms': 35, 'center': [12.121859550476074, 14.684484481811523, 24.3072566986084]}, {'ligand_id': ('H_EDO', 1202, ' '), 'residue_name': 'EDO', 'chain_id': 'A', 'num_atoms': 4, 'center': [3.1100001335144043, 33.92749786376953, 9.844250679016113]}, {'ligand_id': ('H_EDO', 1203, ' '), 'residue_name': 'EDO', 'chain_id': 'A', 'num_atoms': 4, 'center': [25.24074935913086, 16.589750289916992, 18.45174789428711]}, {'ligand_id': ('H_EDO', 1204, ' '), 'residue_name': 'EDO', 'chain_id': 'A', 'num_atoms': 4, 'center': [17.987751007080078, 8.424249649047852, 16.24049949645996]}]"
6ddj,processed,1,1,"[{'chain_id': 'A', 'length': 115, 'residue_range': '341-455'}]",6,"[{'ligand_id': ('H_G7V', 501, ' '), 'residue_name': 'G7V', 'chain_id': 'A', 'num_atoms': 49, 'center': [18.064245223999023, 67.81688690185547, 41.00242233276367]}, {'ligand_id': ('H_EDO', 502, ' '), 'residue_name': 'EDO', 'chain_id': 'A', 'num_atoms': 10, 'center': [10.594700813293457, 73.47400665283203, 17.326801300048828]}, {'ligand_id': ('H_EDO', 503, ' '), 'residue_name': 'EDO', 'chain_id': 'A', 'num_atoms': 10, 'center': [-1.0166999101638794, 74.81340026855469, 39.991798400878906]}, {'ligand_id': ('H_EDO', 504, ' '), 'residue_name': 'EDO', 'chain_id': 'A', 'num_atoms': 10, 'center': [10.134300231933594, 88.25360107421875, 23.490999221801758]}, {'ligand_id': ('H_EDO', 505, ' '), 'residue_name': 'EDO', 'chain_id': 'A', 'num_atoms': 10, 'center': [8.893200874328613, 62.530296325683594, 28.44260025024414]}, {'ligand_id': ('H_EDO', 506, ' '), 'residue_name': 'EDO', 'chain_id': 'A', 'num_atoms': 10, 'center': [19.798797607421875, 81.81910705566406, 36.527198791503906]}]"
6nnr,processed,1,2,"[{'chain_id': 'A', 'length': 263, 'residue_range': '2-264'}, {'chain_id': 'B', 'length': 263, 'residue_range': '2-264'}]",9,"[{'ligand_id': ('H_CXM', 1, ' '), 'residue_name': 'CXM', 'chain_id': 'A', 'num_atoms': 17, 'center': [-5.218176364898682, 29.739234924316406, 30.339998245239258]}, {'ligand_id': ('H_UMC', 901, ' '), 'residue_name': 'UMC', 'chain_id': 'A', 'num_atoms': 27, 'center': [-10.032926559448242, 24.567005157470703, 12.09599781036377]}, {'ligand_id': ('H_CB3', 902, ' '), 'residue_name': 'CB3', 'chain_id': 'A', 'num_atoms': 56, 'center': [-5.207232475280762, 19.377731323242188, 16.57746696472168]}, {'ligand_id': ('H_NA', 903, ' '), 'residue_name': 'NA', 'chain_id': 'A', 'num_atoms': 1, 'center': [3.3429999351501465, 13.251999855041504, 19.339000701904297]}, {'ligand_id': ('H_EPE', 904, ' '), 'residue_name': 'EPE', 'chain_id': 'A', 'num_atoms': 15, 'center': [11.47053337097168, 45.11380386352539, 31.63126564025879]}, {'ligand_id': ('H_EPE', 905, ' '), 'residue_name': 'EPE', 'chain_id': 'A', 'num_atoms': 32, 'center': [8.351375579833984, 57.46409225463867, 23.1080265045166]}, {'ligand_id': ('H_CXM', 1, ' '), 'residue_name': 'CXM', 'chain_id': 'B', 'num_atoms': 17, 'center': [-22.197235107421875, 55.69093704223633, 17.290645599365234]}, {'ligand_id': ('H_UMC', 301, ' '), 'residue_name': 'UMC', 'chain_id': 'B', 'num_atoms': 27, 'center': [-5.967888832092285, 54.512962341308594, 6.726593017578125]}, {'ligand_id': ('H_CB3', 302, ' '), 'residue_name': 'CB3', 'chain_id': 'B', 'num_atoms': 56, 'center': [-11.673840522766113, 60.06583786010742, 4.397572040557861]}]"
6s14,processed,1,1,"[{'chain_id': 'A', 'length': 339, 'residue_range': '135-481'}]",8,"[{'ligand_id': ('H_PTR', 321, ' '), 'residue_name': 'PTR', 'chain_id': 'A', 'num_atoms': 23, 'center': [32.731781005859375, -48.7955207824707, 15.90186882019043]}, {'ligand_id': ('H_SO4', 501, ' '), 'residue_name': 'SO4', 'chain_id': 'A', 'num_atoms': 5, 'center': [41.74020004272461, -58.31940460205078, 35.410400390625]}, {'ligand_id': ('H_SO4', 502, ' '), 'residue_name': 'SO4', 'chain_id': 'A', 'num_atoms': 5, 'center': [-2.4590001106262207, -48.030799865722656, 35.42259979248047]}, {'ligand_id': ('H_SO4', 503, ' '), 'residue_name': 'SO4', 'chain_id': 'A', 'num_atoms': 5, 'center': [26.941198348999023, -54.9514045715332, 14.76140022277832]}, {'ligand_id': ('H_SO4', 504, ' '), 'residue_name': 'SO4', 'chain_id': 'A', 'num_atoms': 5, 'center': [27.17959976196289, -63.582801818847656, 30.24519920349121]}, {'ligand_id': ('H_SO4', 505, ' '), 'residue_name': 'SO4', 'chain_id': 'A', 'num_atoms': 5, 'center': [28.526203155517578, -55.6588020324707, 9.109599113464355]}, {'ligand_id': ('H_SO4', 506, ' '), 'residue_name': 'SO4', 'chain_id': 'A', 'num_atoms': 5, 'center': [21.746200561523438, -44.399200439453125, 52.622802734375]}, {'ligand_id': ('H_KQW', 507, ' '), 'residue_name': 'KQW', 'chain_id': 'A', 'num_atoms': 34, 'center': [17.41570472717285, -54.96459197998047, 37.321380615234375]}]"
6s1h,processed,1,1,"[{'chain_id': 'A', 'length': 339, 'residue_range': '135-480'}]",8,"[{'ligand_id': ('H_PTR', 321, ' '), 'residue_name': 'PTR', 'chain_id': 'A', 'num_atoms': 23, 'center': [32.454917907714844, -48.414737701416016, 15.871655464172363]}, {'ligand_id': ('H_SO4', 501, ' '), 'residue_name': 'SO4', 'chain_id': 'A', 'num_atoms': 5, 'center': [41.05339813232422, -58.09539794921875, 35.01020050048828]}, {'ligand_id': ('H_SO4', 502, ' '), 'residue_name': 'SO4', 'chain_id': 'A', 'num_atoms': 5, 'center': [26.52520179748535, -54.7318000793457, 14.630599975585938]}, {'ligand_id': ('H_SO4', 503, ' '), 'residue_name': 'SO4', 'chain_id': 'A', 'num_atoms': 5, 'center': [-2.518200159072876, -48.36499786376953, 34.87520217895508]}, {'ligand_id': ('H_KQZ', 504, ' '), 'residue_name': 'KQZ', 'chain_id': 'A', 'num_atoms': 31, 'center': [18.000646591186523, -54.037513732910156, 36.602317810058594]}, {'ligand_id': ('H_EDO', 505, ' '), 'residue_name': 'EDO', 'chain_id': 'A', 'num_atoms': 10, 'center': [34.006797790527344, -48.27739715576172, 29.952096939086914]}, {'ligand_id': ('H_EDO', 506, ' '), 'residue_name': 'EDO', 'chain_id': 'A', 'num_atoms': 10, 'center': [16.181201934814453, -58.02129364013672, 33.982601165771484]}, {'ligand_id': ('H_EDO', 507, ' '), 'residue_name': 'EDO', 'chain_id': 'A', 'num_atoms': 10, 'center': [12.654600143432617, -28.373300552368164, 26.98809814453125]}]"
6sd7,processed,1,1,"[{'chain_id': 'A', 'length': 257, 'residue_range': '4-261'}]",6,"[{'ligand_id': ('H_ZN', 301, ' '), 'residue_name': 'ZN', 'chain_id': 'A', 'num_atoms': 1, 'center': [14.345999717712402, -1.3669999837875366, 15.461999893188477]}, {'ligand_id': ('H_HG', 302, ' '), 'residue_name': 'HG', 'chain_id': 'A', 'num_atoms': 1, 'center': [19.031999588012695, 10.819999694824219, 23.405000686645508]}, {'ligand_id': ('H_BE7', 303, ' '), 'residue_name': 'BE7', 'chain_id': 'A', 'num_atoms': 10, 'center': [20.508098602294922, 12.384400367736816, 28.309097290039062]}, {'ligand_id': ('H_L7T', 304, ' '), 'residue_name': 'L7T', 'chain_id': 'A', 'num_atoms': 15, 'center': [15.736200332641602, 2.9292666912078857, 15.438600540161133]}, {'ligand_id': ('H_SXG', 305, ' '), 'residue_name': 'SXG', 'chain_id': 'A', 'num_atoms': 29, 'center': [34.40007019042969, -2.5841033458709717, 10.216139793395996]}, {'ligand_id': ('H_BGC', 306, ' '), 'residue_name': 'BGC', 'chain_id': 'A', 'num_atoms': 12, 'center': [8.800084114074707, 0.9210832715034485, 44.27949905395508]}]"
6xxt,processed,1,1,"[{'chain_id': 'X', 'length': 260, 'residue_range': '0-260'}]",3,"[{'ligand_id': ('H_ZN', 301, ' '), 'residue_name': 'ZN', 'chain_id': 'X', 'num_atoms': 1, 'center': [-6.701000213623047, -1.4930000305175781, 15.3100004196167]}, {'ligand_id': ('H_O42', 302, ' '), 'residue_name': 'O42', 'chain_id': 'X', 'num_atoms': 26, 'center': [-3.022346258163452, 6.49238395690918, 14.145268440246582]}, {'ligand_id': ('H_GOL', 303, ' '), 'residue_name': 'GOL', 'chain_id': 'X', 'num_atoms': 6, 'center': [-4.51633358001709, 0.9185001254081726, 10.866999626159668]}]"
6yqn,processed,1,1,"[{'chain_id': 'A', 'length': 125, 'residue_range': '42-166'}]",3,"[{'ligand_id': ('H_EDO', 201, ' '), 'residue_name': 'EDO', 'chain_id': 'A', 'num_atoms': 4, 'center': [42.45349884033203, 19.71875, 6.694000244140625]}, {'ligand_id': ('H_EDO', 202, ' '), 'residue_name': 'EDO', 'chain_id': 'A', 'num_atoms': 4, 'center': [24.772249221801758, 33.118751525878906, 19.6302490234375]}, {'ligand_id': ('H_P8T', 203, ' '), 'residue_name': 'P8T', 'chain_id': 'A', 'num_atoms': 27, 'center': [29.545034408569336, 16.147077560424805, -2.0688517093658447]}]"
7bhs,processed,1,1,"[{'chain_id': 'A', 'length': 380, 'residue_range': '16-395'}]",2,"[{'ligand_id': ('H_TNZ', 401, ' '), 'residue_name': 'TNZ', 'chain_id': 'A', 'num_atoms': 19, 'center': [36.77494812011719, 42.04994583129883, 15.467683792114258]}, {'ligand_id': ('H_SAM', 402, ' '), 'residue_name': 'SAM', 'chain_id': 'A', 'num_atoms': 27, 'center': [43.094120025634766, 33.8138542175293, 41.23841094970703]}]"
7oyp,processed,1,1,"[{'chain_id': 'A', 'length': 258, 'residue_range': '3-260'}]",3,"[{'ligand_id': ('H_ZN', 301, ' '), 'residue_name': 'ZN', 'chain_id': 'A', 'num_atoms': 1, 'center': [-6.860000133514404, -1.5240000486373901, 15.401000022888184]}, {'ligand_id': ('H_3I4', 302, ' '), 'residue_name': '3I4', 'chain_id': 'A', 'num_atoms': 23, 'center': [-3.242999792098999, 6.592259407043457, 14.485347747802734]}, {'ligand_id': ('H_4J8', 303, ' '), 'residue_name': '4J8', 'chain_id': 'A', 'num_atoms': 11, 'center': [11.901544570922852, -1.3223636150360107, 12.713546752929688]}]"
